length;mse;model
1;888.7067960444961;(1.4317231178 * X1)
9;117.6064844943435;(exp(exp(((-0.0381737091) * X1))) * ((0.5239489079 * X1) + (0.0673929378 + (0.0183869433 * X2))))
8;116.43247592354454;(exp(sqrt(exp(((-0.0728246123) * X1)))) * ((0.0183873847 * X2) + (0.5213791728 * X1)))
2;7.77545444299639;exp(((-0.0746747330) * X1))
7;14.655058297763397;(exp(exp((((-0.0009029063) * X2) + ((-0.0378852971) * X1)))) + ((-0.0011405044) * X2))
5;14.635731925400657;exp(exp((((-0.0372282229) * X1) + ((-0.0011405044) * X2))))
4;7.777357755289316;exp((((-0.0746747330) * X1) + ((-0.0023206710) * X2)))
3;14.632796110734445;exp(exp(((-0.0372282229) * X1)))
10;2.084303745143678e+65;((exp((0.1087025031 * X1)) + ((-0.1494375318) * X1)) * ((0.0503168516 * X2) + (0.1816306263 + (1.3915451765 * X1))))
1;5.970537872092602;(0.0923117325 * X2)
9;116.5240819252833;((exp(exp(((-0.0381791778) * X1))) * ((0.0183873847 * X2) + (0.5213791728 * X1))) + 0.1832126975)
7;116.4321162008323;(exp(exp(((-0.0361561179) * X1))) * ((0.0183873847 * X2) + (0.5213791728 * X1)))
5;14.635705589658196;exp(exp((((-0.0372282229) * X1) + ((-0.0011305843) * X2))))
4;7.777333405854424;exp((((-0.0746747330) * X1) + ((-0.0022915746) * X2)))
3;14.630447693847886;exp(exp(((-0.0371467136) * X1)))
2;7.763730925006977;exp(((-0.0734340549) * X1))
10;2021681.278752853;((exp(((-0.1116318479) * X1)) + (0.0740262866 * X1)) * ((0.0504000895 * X2) + (0.1778311878 + (1.3909436464 * X1))))
1;8.772282633801508;((-0.8454729915) * X2)
9;117.60648725636165;(exp(exp(((-0.0379079767) * X1))) * ((0.5239489079 * X1) + (0.0673929378 + (0.0183869433 * X2))))
7;14.683415441566893;(exp(exp((((-0.0009029063) * X2) + ((-0.0388625264) * X1)))) + ((-0.0011405044) * X2))
5;14.637689578885468;exp(exp((((-0.0372970328) * X1) + ((-0.0011305843) * X2))))
4;7.798897153240241;(exp(((-0.0769613832) * X1)) + ((-0.0022915746) * X2))
3;14.654478149190567;exp(exp(((-0.0379789695) * X1)))
2;7.761950738693118;exp(((-0.0732454211) * X1))
10;665.5548692968928;((exp(((-0.3147228956) * X1)) + 8.1052970886) * ((0.0055377833 * X2) + (0.0191396233 + (0.1529338509 * X1))))
1;8.620347866788007;((-0.8190558553) * X2)
9;116.52408448848854;((exp(exp(((-0.0379267745) * X1))) * ((0.0183873847 * X2) + (0.5213791728 * X1))) + 0.1832126975)
7;14.683406891606598;(exp(exp((((-0.0009029063) * X2) + ((-0.0388625264) * X1)))) + ((-0.0011305843) * X2))
5;14.654719880510688;exp(exp((((-0.0378856547) * X1) + ((-0.0011405044) * X2))))
4;7.584479066397418;(exp(((-0.0539242923) * X1)) + ((-0.0022915746) * X2))
3;14.601996025271117;exp(exp(((-0.0361561179) * X1)))
2;7.78893644650161;exp(((-0.0760980919) * X1))
10;649.4196512834598;((exp(((-0.2901866436) * X1)) + 7.2181086540) * ((0.0061257104 * X2) + (0.0214039870 + (0.1696450114 * X1))))
1;6.567262077279994;0.6999138594
9;117.60648883544232;(exp(exp(((-0.0378343053) * X1))) * ((0.5239489079 * X1) + (0.0673929378 + (0.0183869433 * X2))))
7;116.43169708422444;(exp(exp(((-0.0358535573) * X1))) * ((0.0183873847 * X2) + (0.5213791728 * X1)))
5;14.658081855072044;exp(exp((((-0.0380017981) * X1) + ((-0.0011405044) * X2))))
4;7.707050260555799;exp((((-0.0672980696) * X1) + ((-0.0011405044) * X2)))
3;14.593338285498382;exp(exp(((-0.0358535573) * X1)))
2;7.790709373472973;exp(((-0.0762849972) * X1))
10;642.5991680265369;((exp(((-0.2798460424) * X1)) + 6.8603110313) * ((0.0064035999 * X2) + (0.0224735849 + (0.1775567532 * X1))))
1;8.006939421517373;1.3656965494
9;116.52408649600599;((exp(exp(((-0.0378343053) * X1))) * ((0.0183873847 * X2) + (0.5213791728 * X1))) + 0.1832126975)
7;14.683751043463882;(exp(exp((((-0.0011305843) * X2) + ((-0.0388625264) * X1)))) + ((-0.0008241935) * X2))
2;7.797130392654774;exp(((-0.0769613832) * X1))
6;14.618153416716476;exp((sqrt(exp(((-0.0732454211) * X1))) + ((-0.0011405044) * X2)))
5;14.604770119233063;exp((exp(((-0.0361561179) * X1)) + ((-0.0011405044) * X2)))
4;7.707042196170616;exp((((-0.0672980696) * X1) + ((-0.0011305843) * X2)))
3;14.68011672461414;exp(exp(((-0.0388625264) * X1)))
10;686.3712703795717;((exp(((-0.3589456379) * X1)) + 9.8440637589) * ((0.0046523539 * X2) + (0.0157296732 + (0.1278675050 * X1))))
1;6.5334316027198005;0.6769568324
9;116.52409714156951;((exp(exp(((-0.0375299007) * X1))) * ((0.0183873847 * X2) + (0.5213791728 * X1))) + 0.1832126975)
7;14.65485018987356;(exp(exp((((-0.0008241935) * X2) + ((-0.0378852971) * X1)))) + ((-0.0011405044) * X2))
5;14.632434201077551;exp((exp(((-0.0371191800) * X1)) + ((-0.0011405044) * X2)))
4;7.746551777964039;exp((((-0.0715129375) * X1) + ((-0.0011405044) * X2)))
3;14.580787973061087;exp(exp(((-0.0354140177) * X1)))
2;7.745629177861035;exp(((-0.0715129375) * X1))
10;631.3309011559355;((exp(((-0.2653654814) * X1)) + 6.3726654053) * ((0.0068213157 * X2) + (0.0240784120 + (0.1894671917 * X1))))
1;6.96592448346124;0.9307028055
9;116.52410946145538;((exp(exp(((-0.0372970328) * X1))) * ((0.0183873847 * X2) + (0.5213791728 * X1))) + 0.1832126975)
7;14.654853847303523;(exp(exp((((-0.0009029063) * X2) + ((-0.0378852971) * X1)))) + ((-0.0009029063) * X2))
5;14.633227332320224;exp((exp(((-0.0371467136) * X1)) + ((-0.0011405044) * X2)))
4;7.758905477431598;exp((((-0.0728246123) * X1) + ((-0.0011405044) * X2)))
3;7.77573103755056;sqrt(exp(((-0.1494079530) * X1)))
2;7.806488633469376;exp(((-0.0779456943) * X1))
10;691.7691192850535;((exp(((-0.3720791042) * X1)) + 10.4001569748) * ((0.0044267392 * X2) + (0.0148640359 + (0.1215036809 * X1))))
1;6.010837513468074;0.0110168839
9;117.60651519542968;(exp(exp(((-0.0372282229) * X1))) * ((0.5239489079 * X1) + (0.0673929378 + (0.0183869433 * X2))))
7;6.330747648620787;(exp(exp(((-0.0375299007) * X1))) * (((-0.0001814920) * X2) + 0.1449113637))
5;14.635677765163571;exp((exp(((-0.0372317471) * X1)) + ((-0.0011405044) * X2)))
4;7.707003364747264;(exp(((-0.0672980696) * X1)) + ((-0.0011405044) * X2))
3;7.785838120841592;(exp(((-0.0378856547) * X1)) ^ 2)
2;7.73407182594445;exp(((-0.0702829063) * X1))
10;693.9955204538871;((exp(((-0.3781612217) * X1)) + 10.6645154953) * ((0.0043265447 * X2) + (0.0144797703 + (0.1186815947 * X1))))
1;6.060918714491204;(-0.2799246609)
9;117.60655037087308;(exp(exp(((-0.0396212041) * X1))) * ((0.5239489079 * X1) + (0.0673929378 + (0.0183869433 * X2))))
8;6.3300801099880735;(exp(sqrt(exp(((-0.0746747330) * X1)))) * (((-0.0001814920) * X2) + 0.1449113637))
3;7.787607439542225;(exp(((-0.0379789695) * X1)) ^ 2)
2;7.820159331457184;exp(((-0.0793804452) * X1))
7;6.3299403307673225;(exp(exp(((-0.0372970328) * X1))) * (((-0.0001814920) * X2) + 0.1449113637))
6;14.635673071411828;exp((sqrt(exp(((-0.0744631886) * X1))) + ((-0.0011405044) * X2)))
5;14.63755988269555;exp((exp(((-0.0372970328) * X1)) + ((-0.0011405044) * X2)))
4;7.693471488011434;(exp(((-0.0658468306) * X1)) + ((-0.0011405044) * X2))
10;618.0162541377824;((exp(((-0.2493669987) * X1)) + 5.8518052101) * ((0.0073356321 * X2) + (0.0260512605 + (0.2041530013 * X1))))
1;6.906662772553131;0.8999563456
9;116.83816430906089;(exp((exp(((-0.0361561179) * X1)) + ((-0.0011305843) * X2))) * ((0.0183873847 * X2) + (0.5213791728 * X1)))
8;6.3299532708227195;(exp((0.8851673007 ^ (0.3057975769 * X1))) * (((-0.0001814920) * X2) + 0.1449113637))
2;7.831241461152152;exp(((-0.0805407837) * X1))
7;6.329701868471181;(exp(exp(((-0.0372282229) * X1))) * (((-0.0001814920) * X2) + 0.1449113637))
5;14.596110654341624;exp((exp(((-0.0358535573) * X1)) + ((-0.0011405044) * X2)))
4;7.758897351846273;exp((((-0.0728246123) * X1) + ((-0.0011305843) * X2)))
3;7.789542981024541;(exp(((-0.0380810201) * X1)) ^ 2)
10;697.1585775832684;((exp(((-0.3882875443) * X1)) + 11.1126270294) * ((0.0041657309 * X2) + (0.0138641093 + (0.1141541451 * X1))))
1;6.1917843734206715;0.3811198175
9;5.989757170767416;((exp(exp((((-0.0009029063) * X2) + ((-0.0378852971) * X1)))) + ((-0.0011405044) * X2)) * (-0.0202031136))
8;6.329713522518219;(exp(sqrt(exp(((-0.0744631886) * X1)))) * (((-0.0001814920) * X2) + 0.1449113637))
3;7.791405386730663;(exp(((-0.0381791778) * X1)) ^ 2)
2;7.835885319887497;exp(((-0.0810262859) * X1))
7;6.32941942066015;(exp(exp(((-0.0371467136) * X1))) * (((-0.0001814920) * X2) + 0.1449113637))
6;14.637667483836756;exp(((0.8851673007 ^ (0.3057975769 * X1)) + ((-0.0011405044) * X2)))
5;14.657394420082463;exp(exp((((-0.0379789695) * X1) + ((-0.0011305843) * X2))))
4;7.734944865096443;(exp(((-0.0702829063) * X1)) + ((-0.0011405044) * X2))
10;698.8422898448944;((exp(((-0.3934386671) * X1)) + 11.3453454971) * ((0.0040872721 * X2) + (0.0135644898 + (0.1119470224 * X1))))
1;7.448753985038897;1.1522156000
9;116.5242219560101;((exp(exp(((-0.0361561179) * X1))) * ((0.0183873847 * X2) + (0.5213791728 * X1))) + 0.1832126975)
7;6.329325166577265;(exp(exp(((-0.0371195115) * X1))) * (((-0.0001814920) * X2) + 0.1449113637))
2;7.712648924163619;exp(((-0.0679957494) * X1))
6;14.63872269159472;exp((sqrt(exp(((-0.0746747330) * X1))) + ((-0.0011405044) * X2)))
5;14.658055362587941;exp(exp((((-0.0380017981) * X1) + ((-0.0011305843) * X2))))
4;7.701079706843049;(exp(((-0.0666640550) * X1)) + ((-0.0011305843) * X2))
3;7.753153030235584;(exp(((-0.0361561179) * X1)) ^ 2)
10;701.1758900795818;((exp(((-0.3978872895) * X1)) + 11.5465803146) * ((0.0040244674 * X2) + (0.0133292051 + (0.1101788208 * X1))))
1;6.007308760246243;(-0.0483864248)
9;116.43329134593226;((exp(exp(((-0.0361561179) * X1))) * ((0.0183873847 * X2) + (0.5213791728 * X1))) + ((-0.0011305843) * X2))
7;6.331803554063181;(exp(exp(((-0.0378343053) * X1))) * (((-0.0001814920) * X2) + 0.1449113637))
2;7.8392005448805175;exp(((-0.0813726187) * X1))
6;14.6120891495668;exp((sqrt(exp(((-0.0728246123) * X1))) + ((-0.0011305843) * X2)))
5;14.604745442450406;exp((exp(((-0.0361561179) * X1)) + ((-0.0011305843) * X2)))
4;7.741558551594047;(exp(((-0.0709870979) * X1)) + ((-0.0011405044) * X2))
3;14.702236644269572;exp(exp(((-0.0396212041) * X1)))
10;703.0445703055749;((exp(((-0.4039478004) * X1)) + 11.8327026367) * ((0.0039345492 * X2) + (0.0129834237 + (0.1076572910 * X1))))
1;6.01559112568027;0.0426210761
9;0.4792383170839261;((exp(exp(((-0.0381226502) * X1))) * ((0.0183624793 * X2) + (-13.6944379807))) + 37.4082908630)
8;6.331762736215967;(exp((exp(((-0.0189112704) * X1)) ^ 2)) * (((-0.0001814920) * X2) + 0.1449113637))
3;7.746077396839221;sqrt(exp(((-0.1431211829) * X1)))
2;7.70613134249612;exp(((-0.0672980696) * X1))
7;6.331981736922777;(exp(exp(((-0.0378856547) * X1))) * (((-0.0001814920) * X2) + 0.1449113637))
6;7.77323054039729;((exp(((-0.0371191800) * X1)) ^ 2) * exp(((-0.0023206710) * X2)))
5;15.618948202138217;exp((((-0.0728246123) * X1) + exp(((-0.0023206710) * X2))))
4;7.774378881479557;exp((((-0.0744631886) * X1) + ((-0.0011405044) * X2)))
10;596.9115728922144;(((0.0081587099 * X2) + ((0.2276963741 * X1) + 0.0291984733)) * (exp(((-0.2271613181) * X1)) + 5.1567516327))
1;6.075122615769678;0.2120245099
9;14.683415412454966;exp(log((exp(exp((((-0.0009029063) * X2) + ((-0.0388625264) * X1)))) + ((-0.0011405044) * X2))))
7;6.332059196579108;(exp(exp(((-0.0379079767) * X1))) * (((-0.0001814920) * X2) + 0.1449113637))
2;7.705105734760145;exp(((-0.0671882033) * X1))
6;7.775292811326015;((exp(((-0.0372282229) * X1)) ^ 2) * exp(((-0.0023206710) * X2)))
5;14.632409516885534;exp((exp(((-0.0371191800) * X1)) + ((-0.0011305843) * X2)))
4;7.746502636189592;(exp(((-0.0715129375) * X1)) + ((-0.0011405044) * X2))
3;7.804389486417818;(exp(((-0.0388625264) * X1)) ^ 2)
10;593.5125423649606;((exp(((-0.2239560336) * X1)) + 5.0589156151) * ((0.0082894694 * X2) + (0.0296970326 + (0.2314409465 * X1))))
1;7.052937285628318;(-1.0709462166)
9;0.4794592527968538;((exp(exp(((-0.0379006863) * X1))) * ((0.0183624793 * X2) + (-13.6944379807))) + 37.4082908630)
8;6.332068072399472;(exp((0.8834040165 ^ (0.3057975769 * X1))) * (((-0.0001814920) * X2) + 0.1449113637))
3;7.739190682928789;(exp(((-0.0354140177) * X1)) ^ 2)
2;7.700215510027818;exp(((-0.0666640550) * X1))
7;6.332124437487822;(exp(exp(((-0.0379267745) * X1))) * (((-0.0001814920) * X2) + 0.1449113637))
6;7.7765945263001495;((exp(((-0.0372970328) * X1)) ^ 2) * exp(((-0.0023206710) * X2)))
5;15.675003417794777;exp((((-0.0746747330) * X1) + exp(((-0.0023206710) * X2))))
4;7.741550929261315;(exp(((-0.0709870979) * X1)) + ((-0.0011305843) * X2))
10;709.1284829394281;((exp(((-0.4172082543) * X1)) + 12.4696531296) * ((0.0037541152 * X2) + (0.0123009505 + (0.1025975719 * X1))))
1;6.01393775128137;0.0330321901
9;0.4794896101062499;((exp(exp(((-0.0378856547) * X1))) * ((0.0183624793 * X2) + (-13.6944379807))) + 37.4082908630)
7;6.33230560576135;(exp(exp(((-0.0379789695) * X1))) * (((-0.0001814920) * X2) + 0.1449113637))
2;7.6981662219388465;exp(((-0.0664442629) * X1))
6;14.635648357952428;exp((sqrt(exp(((-0.0744631886) * X1))) + ((-0.0011305843) * X2)))
5;14.637535217172138;exp((exp(((-0.0372970328) * X1)) + ((-0.0011305843) * X2)))
4;7.774370747795864;exp((((-0.0744631886) * X1) + ((-0.0011305843) * X2)))
3;7.7362309550437445;sqrt(exp(((-0.1410258263) * X1)))
10;708.0431613432806;((exp(((-0.4205599427) * X1)) + 12.6299285889) * ((0.0037049677 * X2) + (0.0121113900 + (0.1012184024 * X1))))
1;8.189067274168734;1.4286912680
9;0.4796079782912109;((exp(exp(((-0.0378343053) * X1))) * ((0.0183624793 * X2) + (-13.6944379807))) + 37.4082908630)
7;6.332384828428243;(exp(exp(((-0.0380017981) * X1))) * (((-0.0001814920) * X2) + 0.1449113637))
2;7.692599960138594;exp(((-0.0658468306) * X1))
6;14.637642858781259;exp(((0.8851673007 ^ (0.3057975769 * X1)) + ((-0.0011305843) * X2)))
5;14.65307632273853;exp((exp(((-0.0378343053) * X1)) + ((-0.0011405044) * X2)))
4;7.776371734630104;exp((((-0.0746747330) * X1) + ((-0.0011305843) * X2)))
3;7.818842536079275;(exp(((-0.0396212041) * X1)) ^ 2)
10;706.2594178676242;((exp(((-0.4039478004) * X1)) + 12.2680950165) * ((0.0038067929 * X2) + (0.0124982651 + (0.1040728241 * X1))))
1;6.06091657649645;0.1831471920
9;0.46112008052633496;((exp(exp(((-0.0380592048) * X1))) * ((0.0183763616 * X2) + (-13.3760547638))) + 36.5433616638)
8;6.332383602707001;(exp((0.0778652579 ^ (0.0148863243 * X1))) * (((-0.0001814920) * X2) + 0.1449113637))
3;14.543736977041364;exp(exp(((-0.0341098569) * X1)))
2;7.8625082038216405;exp(((-0.0838013440) * X1))
7;6.332584112475617;(exp(exp(((-0.0380592048) * X1))) * (((-0.0001814920) * X2) + 0.1449113637))
6;14.638698021172942;exp((sqrt(exp(((-0.0746747330) * X1))) + ((-0.0011305843) * X2)))
5;14.64425456342389;exp((exp(((-0.0375299007) * X1)) + ((-0.0011305843) * X2)))
4;7.762824787410608;(exp(((-0.0732454211) * X1)) + ((-0.0011405044) * X2))
10;576.6410173892199;(((0.0089528617 * X2) + ((0.2504507601 * X1) + 0.0322224014)) * (exp(((-0.2089493126) * X1)) + 4.6082916260))
1;6.00789355774446;(-0.0725690126)
9;116.52564042072562;((exp(exp(((-0.0358535573) * X1))) * ((0.5213823915 * X1) + (0.0183857940 * X2))) + 0.1831471920)
7;6.332659846639468;(exp(exp(((-0.0380810201) * X1))) * (((-0.0001814920) * X2) + 0.1449113637))
2;7.866705144155229;exp(((-0.0842375308) * X1))
6;14.655281628380708;exp(((0.8834040165 ^ (0.3057975769 * X1)) + ((-0.0011405044) * X2)))
5;15.618863726839736;exp((((-0.0728246123) * X1) + exp(((-0.0022915746) * X2))))
4;7.764605038126302;(exp(((-0.0734340549) * X1)) + ((-0.0011405044) * X2))
3;7.723417132660083;(exp(((-0.0345732756) * X1)) ^ 2)
10;711.7994039570673;((exp(((-0.4336695075) * X1)) + 13.2848520279) * ((0.0035358439 * X2) + (0.0114722140 + (0.0964825079 * X1))))
1;6.007322236207172;(-0.0447154641)
9;14.683751012678432;exp(log((exp(exp((((-0.0011305843) * X2) + ((-0.0388625264) * X1)))) + ((-0.0008241935) * X2))))
8;6.332873262942659;(exp(sqrt(exp(((-0.0762849972) * X1)))) * (((-0.0001814920) * X2) + 0.1449113637))
3;7.7216166525573495;(exp(((-0.0344771482) * X1)) ^ 2)
2;7.876842294593361;exp(((-0.0852896422) * X1))
7;6.332981661108648;(exp(exp(((-0.0381737091) * X1))) * (((-0.0001814920) * X2) + 0.1449113637))
6;7.749353760556949;((exp(((-0.0358535573) * X1)) ^ 2) * exp(((-0.0023206710) * X2)))
5;14.657923286530398;exp((exp(((-0.0380017981) * X1)) + ((-0.0011405044) * X2)))
4;7.758847970931297;(exp(((-0.0728246123) * X1)) + ((-0.0011305843) * X2))
10;567.1974768132676;(((0.0092684040 * X2) + ((0.2595081627 * X1) + 0.0334139466)) * (exp(((-0.2022245824) * X1)) + 4.4110431671))
1;6.257702933189085;0.4520075917
9;14.69704209056823;(exp(((exp(((-0.0381791778) * X1)) + ((-0.0011305843) * X1)) + ((-0.0011305843) * X2))) + ((-0.0008241935) * X2))
7;6.333000651529075;(exp(exp(((-0.0381791778) * X1))) * (((-0.0001814920) * X2) + 0.1449113637))
2;7.900660230414254;exp(((-0.0877536610) * X1))
6;7.786769966504083;((exp(((-0.0378343053) * X1)) ^ 2) * exp(((-0.0023206710) * X2)))
5;15.668491295185952;exp((((-0.0744631886) * X1) + exp(((-0.0022915746) * X2))))
4;7.762817158796955;(exp(((-0.0732454211) * X1)) + ((-0.0011305843) * X2))
3;14.737745422812807;exp(exp(((-0.0408321619) * X1)))
10;716.2590702153391;((exp(((-0.4423007369) * X1)) + 13.7338027954) * ((0.0034334210 * X2) + (0.0110893520 + (0.0936193690 * X1))))
1;6.130357404748247;0.3023964763
9;14.716966592767093;(exp(((exp(((-0.0388625264) * X1)) + ((-0.0011305843) * X1)) + ((-0.0011305843) * X2))) + ((-0.0008241935) * X2))
7;14.660067335444186;((sqrt(exp(exp(((-0.0380592048) * X1)))) + ((-0.0011305843) * X2)) ^ 2)
2;7.65046978102138;exp(((-0.0613044500) * X1))
6;14.657913036646885;exp(((0.0778652579 ^ (0.0148863243 * X1)) + ((-0.0011405044) * X2)))
5;14.659585638577552;exp((exp(((-0.0380592048) * X1)) + ((-0.0011405044) * X2)))
4;7.764597409089573;(exp(((-0.0734340549) * X1)) + ((-0.0011305843) * X2))
3;7.714742894164581;(exp(((-0.0341098569) * X1)) ^ 2)
10;717.3932093088333;((exp(((-0.4463831484) * X1)) + 13.9469194412) * ((0.0033848761 * X2) + (0.0109073529 + (0.0922615156 * X1))))
1;6.771214947819055;0.8256308436
9;14.694186660914896;(exp(((exp(((-0.0380810201) * X1)) + ((-0.0011305843) * X1)) + ((-0.0011305843) * X2))) + ((-0.0008241935) * X2))
7;14.683616046434304;(exp((exp(((-0.0388625264) * X1)) + ((-0.0011405044) * X2))) + ((-0.0008241935) * X2))
2;7.902898175984281;exp(((-0.0879846066) * X1))
6;7.787743486516488;((exp(((-0.0378856547) * X1)) ^ 2) * exp(((-0.0023206710) * X2)))
5;14.660217565407514;exp((exp(((-0.0380810201) * X1)) + ((-0.0011405044) * X2)))
4;7.774328120497341;(exp(((-0.0744631886) * X1)) + ((-0.0011405044) * X2))
3;7.70519709814238;(0.9712380171 ^ (2.3025851250 * X1))
10;701.1760968496798;((exp(((-0.4172082543) * X1)) + 11.5465803146) * ((0.0040244674 * X2) + (0.0133292051 + (0.1101788208 * X1))))
1;6.0549658161260815;(-0.2666913867)
9;14.691883195703676;(exp(((exp(((-0.0380017981) * X1)) + ((-0.0011305843) * X1)) + ((-0.0011305843) * X2))) + ((-0.0008241935) * X2))
7;14.655072754180248;((sqrt(exp(exp(((-0.0378856547) * X1)))) + ((-0.0011405044) * X2)) ^ 2)
2;7.909182218904888;exp(((-0.0886325613) * X1))
6;7.788523209137789;((exp(((-0.0379267745) * X1)) ^ 2) * exp(((-0.0023206710) * X2)))
5;7.7773334152166695;(exp(((-0.0746747330) * X1)) * exp(((-0.0022915746) * X2)))
4;7.776328978954132;(exp(((-0.0746747330) * X1)) + ((-0.0011405044) * X2))
3;7.698830962981887;sqrt(exp(((-0.1330311447) * X1)))
10;717.9333590683175;((exp(((-0.4550349414) * X1)) + 14.4070615768) * ((0.0032804958 * X2) + (0.0105130775 + (0.0893483758 * X1))))
1;11.817391237696183;(-2.4587976933)
9;14.688508096341979;(exp(((exp(((-0.0378856547) * X1)) + ((-0.0011305843) * X1)) + ((-0.0011305843) * X2))) + ((-0.0008241935) * X2))
8;6.32687671284797;(exp(sqrt(exp(((-0.0728246123) * X1)))) * (((-0.0001814920) * X2) + 0.1449113637))
3;7.86449396867671;(0.8851673007 ^ (0.6887090206 * X1))
2;7.9102305930441075;exp(((-0.0887405872) * X1))
7;14.663587679913883;(exp((exp(((-0.0381737091) * X1)) + ((-0.0011305843) * X2))) + ((-0.0008241935) * X2))
6;7.759848433149735;exp(((((-0.0728246123) * X1) + ((-0.0011405044) * X2)) + ((-0.0011405044) * X2)))
5;14.661423546648054;exp((exp(((-0.0381226502) * X1)) + ((-0.0011405044) * X2)))
4;7.6427329589631565;(exp(((-0.0603728741) * X1)) + ((-0.0011305843) * X2))
10;719.5372572661644;((exp(((-0.4581210911) * X1)) + 14.5755615234) * ((0.0032470245 * X2) + (0.0103891902 + (0.0884136930 * X1))))
1;8.011169775114775;1.3671915531
9;6.330130796892147;(exp(sqrt(sqrt(exp(((-0.1494079530) * X1))))) * (((-0.0001814920) * X2) + 0.1449113637))
8;14.663268689306483;(exp(((0.0778652579 ^ (0.0149494931 * X1)) + ((-0.0011305843) * X2))) + ((-0.0008241935) * X2))
3;14.785428759818684;exp(exp(((-0.0424450263) * X1)))
2;7.641870886257469;exp(((-0.0603728741) * X1))
7;14.654786199146004;(exp(exp((((-0.0009029063) * X2) + ((-0.0378852971) * X1)))) + ((-0.0008241935) * X2))
6;7.777333407554088;exp(log(exp((((-0.0746747330) * X1) + ((-0.0022915746) * X2)))))
5;7.790842414813611;(exp(((-0.0760980919) * X1)) * exp(((-0.0023206710) * X2)))
4;7.774320488078168;(exp(((-0.0744631886) * X1)) + ((-0.0011305843) * X2))
10;538.3478099844243;((exp(((-0.1817621887) * X1)) + 3.8220913410) * ((0.0103936363 * X2) + (0.0376659185 + (0.2918139100 * X1))))
1;6.2467295318222025;(-0.5376928449)
9;6.329940330745993;exp(log((exp(exp(((-0.0372970328) * X1))) * (((-0.0001814920) * X2) + 0.1449113637))))
7;14.655429291757905;(exp(exp((((-0.0378856547) * X1) + ((-0.0011405044) * X2)))) + ((-0.0008241935) * X2))
2;7.9128091448465465;exp(((-0.0890061855) * X1))
6;7.789946084303354;((exp(((-0.0380017981) * X1)) ^ 2) * exp(((-0.0023206710) * X2)))
5;7.775259609283226;(exp((((-0.0372282229) * X1) + ((-0.0011405044) * X2))) ^ 2)
4;7.776321346446915;(exp(((-0.0746747330) * X1)) + ((-0.0011305843) * X2))
3;7.6816873679527555;(0.9712380171 ^ (2.2160899639 * X1))
10;2.3098458375037198e+67;((exp((0.1122647673 * X1)) + ((-0.1494375318) * X1)) * ((0.0503168516 * X2) + (0.1816306263 + (1.3915451765 * X1))))
1;11.194388879984013;2.2291297913
9;6.015188019413774;((exp(exp(((-0.0372282229) * X1))) * (((-0.0001814920) * X2) + 0.1449113637)) * 0.0330321901)
7;14.635870483524151;(exp((exp(((-0.0372317471) * X1)) + ((-0.0008241935) * X2))) + ((-0.0011405044) * X2))
2;7.914856782274766;exp(((-0.0892170072) * X1))
6;14.66258403790101;exp(((0.0778652579 ^ (0.0149494931 * X1)) + ((-0.0011405044) * X2)))
5;14.654971955477343;exp((exp(((-0.0379006863) * X1)) + ((-0.0011305843) * X2)))
4;7.62093748458128;exp((((-0.0580003709) * X1) + ((-0.0011305843) * X2)))
3;7.680546243860748;sqrt(exp(((-0.1291018724) * X1)))
10;721.9927108154646;((exp(((-0.4684902728) * X1)) + 15.1499547958) * ((0.0031319412 * X2) + (0.0099593885 + (0.0852061138 * X1))))
1;6.137260443414807;0.3121016920
9;6.329419421990438;exp(log((exp(exp(((-0.0371467136) * X1))) * (((-0.0001814920) * X2) + 0.1449113637))))
8;14.638915351687022;(exp((sqrt(exp(((-0.0746747330) * X1))) + ((-0.0008241935) * X2))) + ((-0.0011405044) * X2))
3;7.87135589959736;(exp(((-0.0423602387) * X1)) ^ 2)
2;7.9174166757823805;exp(((-0.0894804522) * X1))
7;14.658607784562774;(exp((exp(((-0.0380017981) * X1)) + ((-0.0011305843) * X2))) + ((-0.0008241935) * X2))
6;7.777324563952067;exp(((((-0.0746747330) * X1) + ((-0.0011405044) * X2)) + ((-0.0011405044) * X2)))
5;7.792615688214679;(exp(((-0.0762849972) * X1)) * exp(((-0.0023206710) * X2)))
4;7.807416984635008;exp((((-0.0779456943) * X1) + ((-0.0011405044) * X2)))
10;723.7257569825665;((exp(((-0.4738236964) * X1)) + 15.4524354935) * ((0.0030756458 * X2) + (0.0097506968 + (0.0836380646 * X1))))
1;6.072955745425472;0.2078302503
9;6.006439698201948;((exp(exp(((-0.0371195115) * X1))) * (((-0.0001814920) * X2) + 0.1449113637)) * (-0.0202031136))
8;14.658597561474101;(exp(((0.0778652579 ^ (0.0148863243 * X1)) + ((-0.0011305843) * X2))) + ((-0.0008241935) * X2))
3;7.87298989543765;(exp(((-0.0424450263) * X1)) ^ 2)
2;7.92865897801123;exp(((-0.0906359032) * X1))
7;14.657947002941143;(exp((exp(((-0.0379789695) * X1)) + ((-0.0011305843) * X2))) + ((-0.0008241935) * X2))
6;14.65525685256239;exp(((0.8834040165 ^ (0.3057975769 * X1)) + ((-0.0011305843) * X2)))
5;14.65723778471364;exp((exp(((-0.0379789695) * X1)) + ((-0.0011305843) * X2)))
4;7.791584458529613;(exp(((-0.0762849972) * X1)) + ((-0.0011405044) * X2))
10;517.7151929117773;(((0.0112073543 * X2) + ((0.3151988089 * X1) + 0.0407263823)) * (exp(((-0.1692361385) * X1)) + 3.4703640938))
1;7.906812417707137;1.3298383951
9;6.331803552172107;exp(log((exp(exp(((-0.0378343053) * X1))) * (((-0.0001814920) * X2) + 0.1449113637))))
7;14.637744071740025;(exp((exp(((-0.0372970328) * X1)) + ((-0.0008241935) * X2))) + ((-0.0011305843) * X2))
2;7.620034594266387;exp(((-0.0580003709) * X1))
6;7.793208058666304;((exp(((-0.0381737091) * X1)) ^ 2) * exp(((-0.0023206710) * X2)))
5;14.657898550938135;exp((exp(((-0.0380017981) * X1)) + ((-0.0011305843) * X2)))
4;7.807408820251785;exp((((-0.0779456943) * X1) + ((-0.0011305843) * X2)))
3;14.797057283353137;exp(exp(((-0.0428360701) * X1)))
10;725.05091057656;((exp(((-0.4808395207) * X1)) + 15.8565301895) * ((0.0030017328 * X2) + (0.0094757685 + (0.0815809444 * X1))))
1;6.174337207521313;0.3603047132
9;6.331981739309731;exp(log((exp(exp(((-0.0378856547) * X1))) * (((-0.0001814920) * X2) + 0.1449113637))))
8;14.638906828250905;(exp((sqrt(exp(((-0.0746747330) * X1))) + ((-0.0008241935) * X2))) + ((-0.0011305843) * X2))
3;7.876634039423772;(0.7566623092 ^ (0.3057975769 * X1))
2;7.935883500609634;exp(((-0.0913771093) * X1))
7;14.63341158720184;(exp((exp(((-0.0371467136) * X1)) + ((-0.0008241935) * X2))) + ((-0.0011305843) * X2))
6;7.741086872672326;((exp(((-0.0354140177) * X1)) ^ 2) * exp(((-0.0023206710) * X2)))
5;14.660192823774508;exp((exp(((-0.0380810201) * X1)) + ((-0.0011305843) * X2)))
4;7.791576820717838;(exp(((-0.0762849972) * X1)) + ((-0.0011305843) * X2))
10;728.0289726412194;((exp(((-0.4855161905) * X1)) + 16.1315650940) * ((0.0029576786 * X2) + (0.0093161017 + (0.0803539306 * X1))))
1;6.027803550580038;0.0947735906
9;6.332059198600154;exp(log((exp(exp(((-0.0379079767) * X1))) * (((-0.0001814920) * X2) + 0.1449113637))))
7;14.63262796950815;(exp((exp(((-0.0371195115) * X1)) + ((-0.0008241935) * X2))) + ((-0.0011305843) * X2))
2;7.595678325235637;exp(((-0.0553424843) * X1))
6;14.657888328104722;exp(((0.0778652579 ^ (0.0148863243 * X1)) + ((-0.0011305843) * X2)))
5;7.7752430189307775;(exp((((-0.0372282229) * X1) + ((-0.0011305843) * X2))) ^ 2)
4;7.798005708341234;(exp(((-0.0769613832) * X1)) + ((-0.0011405044) * X2))
3;14.808229694567093;exp(exp(((-0.0432109460) * X1)))
10;726.5821274394602;((exp(((-0.4879592955) * X1)) + 16.2685909271) * ((0.0029304409 * X2) + (0.0092136189 + (0.0795982555 * X1))))
1;8.881126568068325;(-1.7436202765)
9;6.332124437230564;exp(log((exp(exp(((-0.0379267745) * X1))) * (((-0.0001814920) * X2) + 0.1449113637))))
7;14.656436109519086;(exp((exp(((-0.0379267745) * X1)) + ((-0.0011305843) * X2))) + ((-0.0008241935) * X2))
2;7.962764432716598;exp(((-0.0941260159) * X1))
6;7.787719113486044;((exp(((-0.0378856547) * X1)) ^ 2) * exp(((-0.0022915746) * X2)))
5;14.66287833029417;exp((exp(((-0.0381737091) * X1)) + ((-0.0011305843) * X2)))
4;7.620895866578889;(exp(((-0.0580003709) * X1)) + ((-0.0011305843) * X2))
3;7.666394507165254;sqrt(exp(((-0.1260513812) * X1)))
10;728.152119139327;((exp(((-0.4913709760) * X1)) + 16.4793548584) * ((0.0028968793 * X2) + (0.0090892930 + (0.0786647648 * X1))))
1;7.131989100229052;(-1.1088958979)
9;6.332305606218855;exp(log((exp(exp(((-0.0379789695) * X1))) * (((-0.0001814920) * X2) + 0.1449113637))))
8;14.663293515647664;(exp(((0.0778652579 ^ (0.0149494931 * X1)) + ((-0.0011405044) * X2))) + ((-0.0008241935) * X2))
3;7.886130851746629;(0.8851673007 ^ (0.7071067691 * X1))
2;7.590649793249557;exp(((-0.0547922179) * X1))
7;14.655891994239322;(exp((exp(((-0.0379079767) * X1)) + ((-0.0011305843) * X2))) + ((-0.0008241935) * X2))
6;14.66197350792177;exp((sqrt(exp(((-0.0762849972) * X1))) + ((-0.0011305843) * X2)))
5;14.663036819919704;exp((exp(((-0.0381791778) * X1)) + ((-0.0011305843) * X2)))
4;7.7979980688640715;(exp(((-0.0769613832) * X1)) + ((-0.0011305843) * X2))
10;492.9423738402927;((exp(((-0.1561180502) * X1)) + 3.1085059643) * ((0.0121881692 * X2) + (0.0443993472 + (0.3434077501 * X1))))
1;6.376250940747034;(-0.6557925344)
9;6.015273636986047;((exp(exp(((-0.0380017981) * X1))) * (((-0.0001814920) * X2) + 0.1449113637)) * 0.0330321901)
8;14.655966024595246;(exp(((0.8834040165 ^ (0.3057975769 * X1)) + ((-0.0011305843) * X2))) + ((-0.0008241935) * X2))
3;7.887299457550771;(0.9712380171 ^ (2.9596245289 * X1))
2;7.587717156866873;exp(((-0.0544710606) * X1))
7;14.655681120886882;(exp((exp(((-0.0379006863) * X1)) + ((-0.0011305843) * X2))) + ((-0.0008241935) * X2))
6;7.741062604735834;((exp(((-0.0354140177) * X1)) ^ 2) * exp(((-0.0022915746) * X2)))
5;7.790818034659436;(exp(((-0.0760980919) * X1)) * exp(((-0.0022915746) * X2)))
4;7.821088988773683;exp((((-0.0793804452) * X1) + ((-0.0011405044) * X2)))
10;729.515394110271;((exp(((-0.4964213371) * X1)) + 16.7852764130) * ((0.0028478508 * X2) + (0.0089089563 + (0.0773030818 * X1))))
1;6.252046920830865;0.4463237524
9;6.332584113205086;exp(log((exp(exp(((-0.0380592048) * X1))) * (((-0.0001814920) * X2) + 0.1449113637))))
7;14.655246196228186;(exp((exp(((-0.0378856547) * X1)) + ((-0.0011305843) * X2))) + ((-0.0008241935) * X2))
2;7.58660625280723;exp(((-0.0543493554) * X1))
6;7.789921721905444;((exp(((-0.0380017981) * X1)) ^ 2) * exp(((-0.0022915746) * X2)))
5;14.68304110368832;exp(exp((((-0.0011305843) * X2) + ((-0.0388625264) * X1))))
4;7.8222687090936205;exp((((-0.0795040727) * X1) + ((-0.0011405044) * X2)))
3;14.454602187057045;exp(exp(((-0.0309315920) * X1)))
10;730.2917098210906;((exp(((-0.5004322529) * X1)) + 17.0299434662) * ((0.0028093327 * X2) + (0.0087672500 + (0.0762328729 * X1))))
1;6.023092664298951;0.0772475824
9;6.332804381915098;exp(log((exp(exp(((-0.0381226502) * X1))) * (((-0.0001814920) * X2) + 0.1449113637))))
7;14.654754050828684;(exp((exp(((-0.0378856547) * X1)) + ((-0.0008241935) * X2))) + ((-0.0011405044) * X2))
2;7.973656495816303;exp(((-0.0952358469) * X1))
6;7.791424684091819;((exp(((-0.0380810201) * X1)) ^ 2) * exp(((-0.0022915746) * X2)))
5;7.792591315034761;(exp(((-0.0762849972) * X1)) * exp(((-0.0022915746) * X2)))
4;7.807364284808887;(exp(((-0.0779456943) * X1)) + ((-0.0011405044) * X2))
3;14.824586969227191;exp(exp(((-0.0437583178) * X1)))
10;476.28647733239507;((exp(((-0.1480898559) * X1)) + 2.8893480301) * ((0.0128758606 * X2) + (0.0469712913 + (0.3631896675 * X1))))
1;11.167932881725575;2.2233142853
9;6.332981664090605;exp(log((exp(exp(((-0.0381737091) * X1))) * (((-0.0001814920) * X2) + 0.1449113637))))
8;14.655473899369063;(exp(((0.8834040165 ^ (0.3057975769 * X1)) + ((-0.0008241935) * X2))) + ((-0.0011405044) * X2))
3;7.895202095694281;(0.9712380171 ^ (2.9876248837 * X1))
2;7.582728073191669;exp(((-0.0539242923) * X1))
7;14.65594388816957;(exp((exp(((-0.0379267745) * X1)) + ((-0.0008241935) * X2))) + ((-0.0011405044) * X2))
6;7.759787351861272;(exp((((-0.0728246123) * X1) + ((-0.0011405044) * X2))) + ((-0.0011405044) * X2))
5;14.559635871727117;exp((exp(((-0.0345732756) * X1)) + ((-0.0011405044) * X2)))
4;7.821080825800436;exp((((-0.0793804452) * X1) + ((-0.0011305843) * X2)))
10;471.6897650101623;((exp(((-0.1461360157) * X1)) + 2.8369908333) * ((0.0130467415 * X2) + (0.0476020537 + (0.3681116998 * X1))))
1;6.5093531401344356;0.6601644754
9;6.023277918296417;((exp(exp(((-0.0381791778) * X1))) * (((-0.0001814920) * X2) + 0.1449113637)) * (-1.1268520355))
7;14.653260100847776;(exp((exp(((-0.0378343053) * X1)) + ((-0.0008241935) * X2))) + ((-0.0011305843) * X2))
2;7.974848504762478;exp(((-0.0953571647) * X1))
6;7.793183670318686;((exp(((-0.0381737091) * X1)) ^ 2) * exp(((-0.0022915746) * X2)))
5;7.754970049289773;((exp(((-0.0361561179) * X1)) + ((-0.0011405044) * X2)) ^ 2)
4;7.807356642417647;(exp(((-0.0779456943) * X1)) + ((-0.0011305843) * X2))
3;14.828347551872772;exp(exp(((-0.0438839123) * X1)))
10;464.69735537751916;(((0.0133285914 * X2) + ((0.3762219250 * X1) + 0.0486540347)) * (exp(((-0.1431211829) * X1)) + 2.7552816868))
1;6.6588741304999095;0.7588095665
9;6.3272801415347315;(exp((log(1.0907411575) ^ (0.0149494931 * X1))) * (((-0.0001814920) * X2) + 0.1449113637))
7;14.657454705932633;(exp((exp(((-0.0379789695) * X1)) + ((-0.0008241935) * X2))) + ((-0.0011405044) * X2))
2;7.9769625350911575;exp(((-0.0955722556) * X1))
6;7.759779654988824;(exp((((-0.0728246123) * X1) + ((-0.0011405044) * X2))) + ((-0.0011305843) * X2))
5;7.7736678576537885;((exp(((-0.0371467136) * X1)) + ((-0.0011405044) * X2)) ^ 2)
4;7.587514027937545;exp((((-0.0543493554) * X1) + ((-0.0011405044) * X2)))
3;7.654771948021631;sqrt(exp(((-0.1235399395) * X1)))
10;459.5853347078476;((exp(((-0.1410523653) * X1)) + 2.6996798515) * ((0.0135244746 * X2) + (0.0493805446 + (0.3818629384 * X1))))
1;7.637786085828309;1.2285150290
9;14.68857597843391;(exp(((exp(((-0.0378856547) * X1)) + ((-0.0011305843) * X1)) + ((-0.0011305843) * X2))) + ((-0.0009029063) * X2))
8;14.653420424239526;(exp(((exp(((-0.0189112704) * X1)) ^ 2) + ((-0.0011305843) * X2))) + ((-0.0008241935) * X2))
3;7.898364344018016;(exp(((-0.0437583178) * X1)) ^ 2)
2;7.981661632900468;exp(((-0.0960500464) * X1))
7;14.658115505526085;(exp((exp(((-0.0380017981) * X1)) + ((-0.0008241935) * X2))) + ((-0.0011405044) * X2))
6;7.77726236289281;(exp((((-0.0746747330) * X1) + ((-0.0011405044) * X2))) + ((-0.0011405044) * X2))
5;7.749272301038726;((exp(((-0.0358535573) * X1)) + ((-0.0011405044) * X2)) ^ 2)
4;7.821035472018129;(exp(((-0.0793804452) * X1)) + ((-0.0011405044) * X2))
10;455.97872486389144;(((0.0136855813 * X2) + ((0.3864970803 * X1) + 0.0499820262)) * (exp(((-0.1394683421) * X1)) + 2.6568751335))
1;10.341913084021504;2.0335848331
9;14.663746147318841;exp(log((exp((exp(((-0.0381791778) * X1)) + ((-0.0011305843) * X2))) + ((-0.0008241935) * X2))))
7;14.654745522942786;(exp((exp(((-0.0378856547) * X1)) + ((-0.0008241935) * X2))) + ((-0.0011305843) * X2))
2;7.5753678155379385;exp(((-0.0531167164) * X1))
6;7.775272972911012;((sqrt(exp(((-0.0744631886) * X1))) + ((-0.0011405044) * X2)) ^ 2)
5;14.55961129859931;exp((exp(((-0.0345732756) * X1)) + ((-0.0011305843) * X2)))
4;7.822215135759277;(exp(((-0.0795040727) * X1)) + ((-0.0011405044) * X2))
3;7.899771138572095;(0.8834040165 ^ (0.7071067691 * X1))
10;731.8600681841172;((exp(((-0.5181514025) * X1)) + 18.1426486969) * ((0.0026435251 * X2) + (0.0081582051 + (0.0716340542 * X1))))
1;6.065469525134908;0.1927790046
9;14.671437683218496;(exp(((exp(((-0.0372970328) * X1)) + ((-0.0011305843) * X1)) + ((-0.0011305843) * X2))) + ((-0.0008241935) * X2))
8;14.655465371280924;(exp(((0.8834040165 ^ (0.3057975769 * X1)) + ((-0.0008241935) * X2))) + ((-0.0011305843) * X2))
3;7.9007974781195704;(exp(((-0.0438839123) * X1)) ^ 2)
2;7.561690539524928;exp(((-0.0516130477) * X1))
7;14.65593535955939;(exp((exp(((-0.0379267745) * X1)) + ((-0.0008241935) * X2))) + ((-0.0011305843) * X2))
6;7.759771460580895;(exp((((-0.0728246123) * X1) + ((-0.0011305843) * X2))) + ((-0.0011305843) * X2))
5;7.7898962479620675;(exp((((-0.0380017981) * X1) + ((-0.0011305843) * X2))) ^ 2)
4;7.587506051341321;exp((((-0.0543493554) * X1) + ((-0.0011305843) * X2)))
10;732.277842476858;((exp(((-0.5209643245) * X1)) + 18.3245944977) * ((0.0026185829 * X2) + (0.0080673890 + (0.0709429830 * X1))))
1;6.02134974080161;(-0.1668810695)
9;14.654786180036874;exp(log((exp(exp((((-0.0009029063) * X2) + ((-0.0378852971) * X1)))) + ((-0.0008241935) * X2))))
8;14.658622405544072;(exp(((0.0778652579 ^ (0.0148863243 * X1)) + ((-0.0011405044) * X2))) + ((-0.0008241935) * X2))
3;7.9103894863620665;(0.7566623092 ^ (0.3183098733 * X1))
2;8.00047769637143;exp(((-0.0979589224) * X1))
7;14.657971820114057;(exp((exp(((-0.0379789695) * X1)) + ((-0.0011405044) * X2))) + ((-0.0008241935) * X2))
6;7.775253616081972;(exp((((-0.0744631886) * X1) + ((-0.0011405044) * X2))) + ((-0.0011305843) * X2))
5;7.780918539815245;((exp(((-0.0375299007) * X1)) + ((-0.0011405044) * X2)) ^ 2)
4;7.821027825580035;(exp(((-0.0793804452) * X1)) + ((-0.0011305843) * X2))
10;441.5177349601189;(((0.0142797250 * X2) + ((0.4036037028 * X1) + 0.0521895662)) * (exp(((-0.1337530464) * X1)) + 2.5037939548))
1;6.178219429650015;0.3650270104
9;14.655429281741334;exp(log((exp(exp((((-0.0378856547) * X1) + ((-0.0011405044) * X2)))) + ((-0.0008241935) * X2))))
7;14.65810697630731;(exp((exp(((-0.0380017981) * X1)) + ((-0.0008241935) * X2))) + ((-0.0011305843) * X2))
2;7.552392945245521;exp(((-0.0505886599) * X1))
6;7.742488676494186;(exp((((-0.0709870979) * X1) + ((-0.0011405044) * X2))) + ((-0.0011405044) * X2))
5;14.68290609636463;exp((exp(((-0.0388625264) * X1)) + ((-0.0011405044) * X2)))
4;7.8222074887537705;(exp(((-0.0795040727) * X1)) + ((-0.0011305843) * X2))
3;7.639566287741187;sqrt(exp(((-0.1202458963) * X1)))
10;596.935123870155;((exp(((-0.2099154592) * X1)) + 5.1752452850) * ((0.0081316242 * X2) + (((-0.0011405044) * X2) + (0.2269226909 * X1))))
1;6.190353167943018;(-0.4762233198)
9;14.635870400349544;exp(log((exp((exp(((-0.0372317471) * X1)) + ((-0.0008241935) * X2))) + ((-0.0011405044) * X2))))
8;14.658096739863437;(exp(((0.0778652579 ^ (0.0148863243 * X1)) + ((-0.0008241935) * X2))) + ((-0.0011305843) * X2))
3;7.918077102587086;(0.8851673007 ^ (0.7341319919 * X1))
2;7.551105772363861;exp(((-0.0504467003) * X1))
7;14.638071382060073;((sqrt(exp(exp(((-0.0372970328) * X1)))) + ((-0.0011405044) * X2)) ^ 2)
6;7.775245413648371;(exp((((-0.0744631886) * X1) + ((-0.0011305843) * X2))) + ((-0.0011305843) * X2))
5;7.773651835995825;((exp(((-0.0371467136) * X1)) + ((-0.0011305843) * X2)) ^ 2)
4;7.588584811304523;(exp(((-0.0544710606) * X1)) + ((-0.0011405044) * X2))
10;734.7965552638108;((exp(((-0.5309134126) * X1)) + 18.9857711792) * ((0.0025335695 * X2) + (0.0077593154 + (0.0685896650 * X1))))
1;7.196592926628287;(-1.1389294863)
9;14.658607737085493;exp(log((exp((exp(((-0.0380017981) * X1)) + ((-0.0011305843) * X2))) + ((-0.0008241935) * X2))))
8;7.165331896867684;exp(((exp(((-0.0371195115) * X1)) * (((-0.0001814920) * X2) + 0.1449113637)) ^ 2))
3;7.919969256613369;(0.8925595284 ^ (0.7895599008 * X1))
2;7.5488389252148735;exp(((-0.0501966104) * X1))
7;14.663095183654871;(exp((exp(((-0.0381737091) * X1)) + ((-0.0008241935) * X2))) + ((-0.0011405044) * X2))
6;7.777246472420595;(exp((((-0.0746747330) * X1) + ((-0.0011305843) * X2))) + ((-0.0011305843) * X2))
5;7.775259971947577;((exp(((-0.0372317471) * X1)) + ((-0.0011305843) * X2)) ^ 2)
4;7.587473865720247;(exp(((-0.0543493554) * X1)) + ((-0.0011405044) * X2))
10;736.879878527583;((exp(((-0.5363705754) * X1)) + 19.0519008636) * ((0.0025344279 * X2) + (0.0078303870 + (0.0684479177 * X1))))
1;6.041297589141331;0.1359741688
9;14.65794700965362;exp(log((exp((exp(((-0.0379789695) * X1)) + ((-0.0011305843) * X2))) + ((-0.0008241935) * X2))))
8;7.165342470860478;exp(((exp(((-0.0371467136) * X1)) * (((-0.0001814920) * X2) + 0.1449113637)) ^ 2))
3;14.870746584462086;exp(exp(((-0.0452936403) * X1)))
2;8.015554739353066;exp(((-0.0994835272) * X1))
7;14.655271077129546;(exp((exp(((-0.0378856547) * X1)) + ((-0.0011405044) * X2))) + ((-0.0008241935) * X2))
6;7.77525696004264;((sqrt(exp(((-0.0744631886) * X1))) + ((-0.0011305843) * X2)) ^ 2)
5;7.808398070138801;(exp(((-0.0779456943) * X1)) * exp(((-0.0023206710) * X2)))
4;7.832117997494783;(exp(((-0.0805407837) * X1)) + ((-0.0011405044) * X2))
10;738.6931461375074;((exp(((-0.5365958810) * X1)) + 19.3470745087) * ((0.0024900073 * X2) + (0.0075827292 + (0.0674863756 * X1))))
1;9.382355110222061;1.7887434959
9;14.635861920126281;exp(log((exp((exp(((-0.0372317471) * X1)) + ((-0.0008241935) * X2))) + ((-0.0011305843) * X2))))
8;0.3070073678340589;((exp(((-0.0760965794) * X1)) * ((0.0492789894 * X2) + (-18.6747646332))) + 18.8575344086)
3;14.40648861532076;exp(exp(((-0.0291914977) * X1)))
2;8.025388282222794;exp(((-0.1004755348) * X1))
7;14.663086653040892;(exp((exp(((-0.0381737091) * X1)) + ((-0.0008241935) * X2))) + ((-0.0011305843) * X2))
6;7.776565565371478;(((0.8851673007 ^ (0.3057975769 * X1)) + ((-0.0011305843) * X2)) ^ 2)
5;7.789428599738194;((exp(((-0.0379789695) * X1)) + ((-0.0011405044) * X2)) ^ 2)
4;7.587466292889693;(exp(((-0.0543493554) * X1)) + ((-0.0011305843) * X2))
10;409.1371851483027;((exp(((-0.1222545207) * X1)) + 2.1978235245) * ((0.0156374667 * X2) + (0.0572193637 + (0.4426955581 * X1))))
1;6.060267981889132;0.1817422807
9;14.63341147023781;exp(log((exp((exp(((-0.0371467136) * X1)) + ((-0.0008241935) * X2))) + ((-0.0011305843) * X2))))
8;7.165375456435791;exp(((exp(((-0.0372317471) * X1)) * (((-0.0001814920) * X2) + 0.1449113637)) ^ 2))
3;7.92818536511292;(exp(((-0.0452936403) * X1)) ^ 2)
2;7.530951697994571;exp(((-0.0482194498) * X1))
7;15.675751062148636;(exp((((-0.0746747330) * X1) + exp(((-0.0023206710) * X2)))) + ((-0.0008241935) * X2))
6;14.686116784106005;exp((sqrt(exp(((-0.0779456943) * X1))) + ((-0.0011405044) * X2)))
5;14.682881321362471;exp((exp(((-0.0388625264) * X1)) + ((-0.0011305843) * X2)))
4;7.832110347620573;(exp(((-0.0805407837) * X1)) + ((-0.0011305843) * X2))
10;743.1488349420505;((exp(((-0.5436024666) * X1)) + 19.6349449158) * ((0.0024693776 * X2) + ((0.0666963235 * X1) + 0.0075682858)))
1;6.010626525419031;0.0092136189
9;14.632618452276063;exp(log((exp((exp(((-0.0371191800) * X1)) + ((-0.0008241935) * X2))) + ((-0.0011305843) * X2))))
8;7.165400813578486;exp(((exp(((-0.0372970328) * X1)) * (((-0.0001814920) * X2) + 0.1449113637)) ^ 2))
3;7.929078243890322;(exp(((-0.0453394726) * X1)) ^ 2)
2;8.036995289261393;exp(((-0.1016440541) * X1))
7;14.705510724024355;((sqrt(exp(exp(((-0.0396212041) * X1)))) + ((-0.0011305843) * X2)) ^ 2)
6;14.681847566523786;exp(((0.8851673007 ^ (0.3183098733 * X1)) + ((-0.0011305843) * X2)))
5;7.786669610767082;((exp(((-0.0378343053) * X1)) + ((-0.0011305843) * X2)) ^ 2)
4;7.836762021944444;(exp(((-0.0810262859) * X1)) + ((-0.0011405044) * X2))
10;inf;(((6.9754924774 * X1) + (exp((0.5131779909 * X1)) + (0.2632244825 * X2))) * (((-0.0107151903) * X1) + 0.1904226243))
1;7.325218173024572;1.0996159315
9;14.667087702493646;(exp(((exp(((-0.0371467136) * X1)) + ((-0.0011305843) * X1)) + ((-0.0011305843) * X2))) + ((-0.0008241935) * X2))
8;14.662767652708224;(exp(((0.0778652579 ^ (0.0149494931 * X1)) + ((-0.0008241935) * X2))) + ((-0.0011305843) * X2))
3;7.623709754588949;sqrt(exp(((-0.1168007404) * X1)))
2;7.518360835979681;exp(((-0.0468237214) * X1))
7;14.644963478670201;(exp((exp(((-0.0375299007) * X1)) + ((-0.0011305843) * X2))) + ((-0.0008241935) * X2))
6;7.725310207494853;((exp(((-0.0345732756) * X1)) ^ 2) * exp(((-0.0023206710) * X2)))
5;7.788422709028659;((exp(((-0.0379267745) * X1)) + ((-0.0011305843) * X2)) ^ 2)
4;7.583587969955506;(exp(((-0.0539242923) * X1)) + ((-0.0011305843) * X2))
10;inf;(((6.9710378647 * X1) + (exp((0.5101426244 * X1)) + (0.2630032301 * X2))) * (((-0.0107235275) * X1) + 0.1906069666))
1;6.045864870971915;(-0.2447435260)
9;14.65589190691032;exp(log((exp((exp(((-0.0379079767) * X1)) + ((-0.0011305843) * X2))) + ((-0.0008241935) * X2))))
8;14.61230696500394;(exp((sqrt(exp(((-0.0728246123) * X1))) + ((-0.0008241935) * X2))) + ((-0.0011405044) * X2))
3;7.930776390984613;sqrt(exp(((-0.1817065030) * X1)))
2;8.048126224348689;exp(((-0.1027622074) * X1))
7;14.65885931351927;(exp(exp((((-0.0380017981) * X1) + ((-0.0011405044) * X2)))) + ((-0.0009029063) * X2))
6;7.806274083078383;((exp(((-0.0388625264) * X1)) ^ 2) * exp(((-0.0022915746) * X2)))
5;7.789412557984982;((exp(((-0.0379789695) * X1)) + ((-0.0011305843) * X2)) ^ 2)
4;7.840077364997249;(exp(((-0.0813726187) * X1)) + ((-0.0011405044) * X2))
10;inf;(((7.3773679733 * X1) + (exp((0.5166067481 * X1)) + (0.2777200937 * X2))) * (((-0.0099697411) * X1) + 0.1803485453))
1;7.46157885625642;(-1.2543176413)
9;14.655681066643941;exp(log((exp((exp(((-0.0379006863) * X1)) + ((-0.0011305843) * X2))) + ((-0.0008241935) * X2))))
8;14.653445284319998;(exp(((exp(((-0.0189112704) * X1)) ^ 2) + ((-0.0011405044) * X2))) + ((-0.0008241935) * X2))
3;14.885990124050007;exp(exp(((-0.0457976535) * X1)))
2;8.04908482921206;exp(((-0.1028583944) * X1))
7;6.025450396486701;((exp(((-0.0375299007) * X1)) * (((-0.0001814920) * X2) + 0.1449113637)) ^ 2)
6;7.788114703208809;(((0.8834040165 ^ (0.3057975769 * X1)) + ((-0.0011305843) * X2)) ^ 2)
5;7.793107183575599;((exp(((-0.0381737091) * X1)) + ((-0.0011305843) * X2)) ^ 2)
4;7.576235009037479;(exp(((-0.0531167164) * X1)) + ((-0.0011405044) * X2))
10;382.99064358797193;(((0.0167835616 * X2) + ((0.4757170677 * X1) + 0.0614577979)) * (exp(((-0.1139672399) * X1)) + 1.9791744947))
1;6.080835458187284;(-0.3195444942)
9;14.655246216258721;exp(log((exp((exp(((-0.0378856547) * X1)) + ((-0.0011305843) * X2))) + ((-0.0008241935) * X2))))
8;14.61229844868159;(exp((sqrt(exp(((-0.0728246123) * X1))) + ((-0.0008241935) * X2))) + ((-0.0011305843) * X2))
3;7.93801216523433;(exp(((-0.0457976535) * X1)) ^ 2)
2;8.052255646177132;exp(((-0.1031764224) * X1))
7;6.025367434174031;((exp(((-0.0372970328) * X1)) * (((-0.0001814920) * X2) + 0.1449113637)) ^ 2)
6;14.543330170476573;exp((sqrt(exp(((-0.0679957494) * X1))) + ((-0.0011405044) * X2)))
5;7.806248544271874;(exp((((-0.0011305843) * X2) + ((-0.0388625264) * X1))) ^ 2)
4;7.840069712659352;(exp(((-0.0813726187) * X1)) + ((-0.0011305843) * X2))
10;inf;(((6.9790987968 * X1) + (exp((0.5029333234 * X1)) + (0.2628105879 * X2))) * (((-0.0106059620) * X1) + 0.1906750500))
1;6.2701832420589545;(-0.5610992908)
9;14.660926929750499;exp(log((exp((exp(((-0.0380810201) * X1)) + ((-0.0011405044) * X2))) + ((-0.0008241935) * X2))))
8;6.335758880959032;(exp(sqrt(exp(((-0.0779456943) * X1)))) * (((-0.0001814920) * X2) + 0.1449113637))
3;7.610704006985404;sqrt(exp(((-0.1139672399) * X1)))
2;8.053427814043328;exp(((-0.1032939404) * X1))
7;6.025344180024356;((exp(((-0.0372317471) * X1)) * (((-0.0001814920) * X2) + 0.1449113637)) ^ 2)
6;14.5433056666069;exp((sqrt(exp(((-0.0679957494) * X1))) + ((-0.0011305843) * X2)))
5;10.897002714023383;(exp(((-0.0022915746) * X2)) + exp(((-0.0746747330) * X1)))
4;7.576227439648815;(exp(((-0.0531167164) * X1)) + ((-0.0011305843) * X2))
10;369.67413503675886;((exp(((-0.1099847704) * X1)) + 1.8738423586) * ((0.0174078327 * X2) + (0.0637738258 + (0.4936924875 * X1))))
1;7.181556917115615;1.0352408886
9;6.325990670593371;exp(log((exp(exp(((-0.0361561179) * X1))) * (((-0.0001814920) * X2) + 0.1449113637))))
8;7.1656095593229745;exp(((exp(((-0.0378343053) * X1)) * (((-0.0001814920) * X2) + 0.1449113637)) ^ 2))
3;7.602717873222496;(exp(((-0.0280559659) * X1)) ^ 2)
2;8.054421095174677;exp(((-0.1033935025) * X1))
7;6.025558878445431;((exp(((-0.0378343053) * X1)) * (((-0.0001814920) * X2) + 0.1449113637)) ^ 2)
6;7.792898266347404;(((0.0778652579 ^ (0.0149494931 * X1)) + ((-0.0011305843) * X2)) ^ 2)
5;10.913177454920026;(exp(((-0.0023206710) * X2)) + exp(((-0.0762849972) * X1)))
4;7.863441870206498;exp((((-0.0838013440) * X1) + ((-0.0011405044) * X2)))
10;362.4853541286677;((exp(((-0.1081521586) * X1)) + 1.8265988827) * ((0.0176797826 * X2) + (0.0647581443 + (0.5015397668 * X1))))
1;6.6018609718439905;(-0.8194585443)
9;14.65326002138773;exp(log((exp((exp(((-0.0378343053) * X1)) + ((-0.0008241935) * X2))) + ((-0.0011305843) * X2))))
8;6.02538180080875;((sqrt(exp(((-0.0746747330) * X1))) * (((-0.0001814920) * X2) + 0.1449113637)) ^ 2)
3;7.600008565480622;sqrt(exp(((-0.1116318479) * X1)))
2;7.509123698162748;exp(((-0.0457976535) * X1))
7;6.025577181554069;((exp(((-0.0378856547) * X1)) * (((-0.0001814920) * X2) + 0.1449113637)) ^ 2)
6;7.8083564543722925;exp(((((-0.0779456943) * X1) + ((-0.0011305843) * X2)) + ((-0.0011405044) * X2)))
5;7.822071486522263;(exp(((-0.0793804452) * X1)) * exp(((-0.0023206710) * X2)))
4;7.867639203957358;exp((((-0.0842375308) * X1) + ((-0.0011405044) * X2)))
10;351.943405647617;(((0.0181355421 * X2) + ((0.5146760345 * X1) + 0.0664306730)) * (exp(((-0.1053720564) * X1)) + 1.7540465593))
1;11.534375993566007;2.3025851250
9;14.658115423432479;exp(log((exp((exp(((-0.0380017981) * X1)) + ((-0.0008241935) * X2))) + ((-0.0011405044) * X2))))
8;6.025368763568923;(((0.8851673007 ^ (0.3057975769 * X1)) * (((-0.0001814920) * X2) + 0.1449113637)) ^ 2)
3;7.958074635911799;(exp(((-0.0468237214) * X1)) ^ 2)
2;7.505004122967601;exp(((-0.0453394726) * X1))
7;6.025304205333583;((exp(((-0.0371195115) * X1)) * (((-0.0001814920) * X2) + 0.1449113637)) ^ 2)
6;7.759737392655763;((exp(((-0.0728246123) * X1)) + ((-0.0011405044) * X2)) + ((-0.0011405044) * X2))
5;7.714539874360183;(exp(((-0.0679957494) * X1)) * exp(((-0.0023206710) * X2)))
4;7.562557221300225;(exp(((-0.0516130477) * X1)) + ((-0.0011405044) * X2))
10;344.7427876330206;(((0.0184950065 * X2) + ((0.5250269175 * X1) + 0.0677623674)) * (exp(((-0.1033935025) * X1)) + 1.7018831968))
1;6.46795960121429;(-0.7270990610)
9;14.654745499686266;exp(log((exp((exp(((-0.0378856547) * X1)) + ((-0.0008241935) * X2))) + ((-0.0011305843) * X2))))
8;6.025344123535744;((sqrt(exp(((-0.0744631886) * X1))) * (((-0.0001814920) * X2) + 0.1449113637)) ^ 2)
3;14.362518941862561;exp(exp(((-0.0275858827) * X1)))
2;7.504592196994668;exp(((-0.0452936403) * X1))
7;6.025610447022285;((exp(((-0.0379789695) * X1)) * (((-0.0001814920) * X2) + 0.1449113637)) ^ 2)
6;10.89729535750773;(exp(((-0.0022915746) * X2)) + sqrt(exp(((-0.1494079530) * X1))))
5;7.714515695959816;(exp(((-0.0679957494) * X1)) * exp(((-0.0022915746) * X2)))
4;7.86763097745103;exp((((-0.0842375308) * X1) + ((-0.0011305843) * X2)))
10;inf;(((7.1708235741 * X1) + (exp((0.4946209192 * X1)) + (0.2688260674 * X2))) * (((-0.0100441687) * X1) + 0.1861801445))
1;6.796558214088962;(-0.9367835522)
9;14.65518036537938;exp(log((exp((exp(((-0.0379006863) * X1)) + ((-0.0008241935) * X2))) + ((-0.0011305843) * X2))))
8;7.165629500347296;exp(((exp(((-0.0378856547) * X1)) * (((-0.0001814920) * X2) + 0.1449113637)) ^ 2))
3;7.595965448231747;sqrt(exp(((-0.1107477844) * X1)))
2;8.0741992531863;exp(((-0.1053720564) * X1))
7;6.025618584495982;((exp(((-0.0380017981) * X1)) * (((-0.0001814920) * X2) + 0.1449113637)) ^ 2)
6;7.777211404327161;((exp(((-0.0746747330) * X1)) + ((-0.0011405044) * X2)) + ((-0.0011405044) * X2))
5;7.71655528206952;((exp(((-0.0341098569) * X1)) + ((-0.0011405044) * X2)) ^ 2)
4;7.5625496566872314;(exp(((-0.0516130477) * X1)) + ((-0.0011305843) * X2))
10;329.5658326130339;((exp(((-0.0994835272) * X1)) + 1.5994073153) * ((0.0192338675 * X2) + (0.0704845712 + (0.5462999344 * X1))))
1;7.162878184820905;1.0265877247
9;14.655935342011675;exp(log((exp((exp(((-0.0379267745) * X1)) + ((-0.0008241935) * X2))) + ((-0.0011305843) * X2))))
8;7.165638198457388;exp(((exp(((-0.0379079767) * X1)) * (((-0.0001814920) * X2) + 0.1449113637)) ^ 2))
3;7.594574542991362;(exp(((-0.0276108701) * X1)) ^ 2)
2;7.49081219437576;exp(((-0.0437583178) * X1))
7;14.663680530526129;(exp((exp(((-0.0381737091) * X1)) + ((-0.0011405044) * X2))) + ((-0.0009029063) * X2))
6;14.5334712906859;exp((sqrt(exp(((-0.0672980696) * X1))) + ((-0.0011405044) * X2)))
5;7.716539326649164;((exp(((-0.0341098569) * X1)) + ((-0.0011305843) * X2)) ^ 2)
4;7.7068210541104385;(exp(((-0.0672980696) * X1)) + ((-0.0009029063) * X2))
10;inf;(((7.6058464050 * X1) + (exp((0.5133172274 * X1)) + (0.2847949266 * X2))) * (((-0.0093310084) * X1) + 0.1755196005))
1;6.150572262977908;0.3301152289
9;14.657446121879559;exp(log((exp((exp(((-0.0379789695) * X1)) + ((-0.0008241935) * X2))) + ((-0.0011305843) * X2))))
8;6.025586049140315;(((0.8834040165 ^ (0.3057975769 * X1)) * (((-0.0001814920) * X2) + 0.1449113637)) ^ 2)
3;7.594117761509008;(exp(((-0.0275858827) * X1)) ^ 2)
2;8.080005862131188;exp(((-0.1059515104) * X1))
7;6.025646829904945;((exp(((-0.0380810201) * X1)) * (((-0.0001814920) * X2) + 0.1449113637)) ^ 2)
6;7.775202772863273;((exp(((-0.0744631886) * X1)) + ((-0.0011405044) * X2)) + ((-0.0011305843) * X2))
5;7.708021013970495;(exp(((-0.0672980696) * X1)) * exp(((-0.0023206710) * X2)))
4;7.863385852602592;(exp(((-0.0838013440) * X1)) + ((-0.0011405044) * X2))
10;709.8028485424136;((exp(((-0.4213045537) * X1)) + 12.6691217422) * ((0.0036987453 * X2) + (((-0.0008241935) * X2) + (0.1010442600 * X1))))
1;7.259343947185327;1.0705573559
9;7.226781438013808;(exp(((exp(((-0.0371195115) * X1)) * (((-0.0001814920) * X2) + 0.1449113637)) ^ 2)) ^ 2)
8;7.165645499223567;exp(((exp(((-0.0379267745) * X1)) * (((-0.0001814920) * X2) + 0.1449113637)) ^ 2))
3;7.964069733455497;sqrt(exp(((-0.1885182858) * X1)))
2;7.485907971837447;exp(((-0.0432109460) * X1))
7;15.669517180735998;(exp((((-0.0744631886) * X1) + exp(((-0.0022915746) * X2)))) + ((-0.0011305843) * X2))
6;14.533446732095355;exp((sqrt(exp(((-0.0672980696) * X1))) + ((-0.0011305843) * X2)))
5;7.707996863072405;(exp(((-0.0672980696) * X1)) * exp(((-0.0022915746) * X2)))
4;7.741375979213931;(exp(((-0.0709870979) * X1)) + ((-0.0009029063) * X2))
10;311.4079064189798;(((0.0200755447 * X2) + ((0.5705660582 * X1) + 0.0735756308)) * (exp(((-0.0952358469) * X1)) + 1.4888453484))
1;8.146507415343791;1.4142135382
9;14.02906804601978;exp(exp(((exp(((-0.0371195115) * X1)) * (((-0.0001814920) * X2) + 0.1449113637)) ^ 2)))
8;6.025618458083623;(((0.0778652579 ^ (0.0148863243 * X1)) * (((-0.0001814920) * X2) + 0.1449113637)) ^ 2)
3;14.35470862494035;exp(exp(((-0.0272991210) * X1)))
2;7.482551882914211;exp(((-0.0428360701) * X1))
7;6.025679878510082;((exp(((-0.0381737091) * X1)) * (((-0.0001814920) * X2) + 0.1449113637)) ^ 2)
6;7.742432028982603;((exp(((-0.0709870979) * X1)) + ((-0.0011305843) * X2)) + ((-0.0011405044) * X2))
5;7.833155816073002;(exp(((-0.0805407837) * X1)) * exp(((-0.0023206710) * X2)))
4;7.867582941786584;(exp(((-0.0842375308) * X1)) + ((-0.0011405044) * X2))
10;712.0895665151515;((((1.2820044756 * X1) + 0.1662473828) + (0.0514283367 * X2)) + ((0.0943971872 * X1) * exp(((-0.3963212371) * X1))))
1;10.452124549738048;(-2.1566596031)
9;7.226803129578204;(exp(((exp(((-0.0371467136) * X1)) * (((-0.0001814920) * X2) + 0.1449113637)) ^ 2)) ^ 2)
8;7.165665811060424;exp(((exp(((-0.0379789695) * X1)) * (((-0.0001814920) * X2) + 0.1449113637)) ^ 2))
3;7.590764346536218;sqrt(exp(((-0.1096095294) * X1)))
2;7.481133787062404;exp(((-0.0426775999) * X1))
7;6.025681828411996;((exp(((-0.0381791778) * X1)) * (((-0.0001814920) * X2) + 0.1449113637)) ^ 2)
6;7.808311905929957;((sqrt(exp(((-0.0779456943) * X1))) + ((-0.0011405044) * X2)) ^ 2)
5;7.702079895135496;(exp(((-0.0666640550) * X1)) * exp(((-0.0022915746) * X2)))
4;7.5532517169665345;(exp(((-0.0505886599) * X1)) + ((-0.0011305843) * X2))
10;731.4096144909638;((exp(((-0.4751409590) * X1)) + 13.3639707565) * ((0.0034822014 * X2) + ((0.0972181037 * X1) + 0.0114405379)))
1;7.329227570592504;(-1.1981337070)
9;14.029100763360319;exp(exp(((exp(((-0.0371467136) * X1)) * (((-0.0001814920) * X2) + 0.1449113637)) ^ 2)))
8;7.165674684274205;exp(((exp(((-0.0380017981) * X1)) * (((-0.0001814920) * X2) + 0.1449113637)) ^ 2))
3;7.967362551987453;sqrt(exp(((-0.1891896427) * X1)))
2;8.087310335862908;exp(((-0.1066795290) * X1))
7;14.638243975298813;(exp((exp(((-0.0372970328) * X1)) + ((-0.0011305843) * X2))) + ((-0.0008241935) * X2))
6;0.1121960584859578;(exp(((-0.0345732756) * X1)) * ((0.0498845279 * X2) + (1.4297949076 * X1)))
5;7.8378005924391045;(exp(((-0.0810262859) * X1)) * exp(((-0.0023206710) * X2)))
4;7.867575280962021;(exp(((-0.0842375308) * X1)) + ((-0.0011305843) * X2))
10;285.55147039888374;(((0.0213441867 * X2) + ((0.6071307659 * X1) + 0.0782303959)) * (exp(((-0.0895209908) * X1)) + 1.3401823044))
1;10.4562540465094;2.0608658791
9;6.0208056643684;((exp(exp(((-0.0388625264) * X1))) * (((-0.0001814920) * X2) + 0.1449113637)) * (-1.1268520355))
8;14.639406806507546;(exp((sqrt(exp(((-0.0746747330) * X1))) + ((-0.0011305843) * X2))) + ((-0.0008241935) * X2))
3;7.588042455047375;sqrt(exp(((-0.1090134010) * X1)))
2;7.479053253606679;exp(((-0.0424450263) * X1))
7;15.676039090369493;(exp((((-0.0746747330) * X1) + exp(((-0.0023206710) * X2)))) + ((-0.0011405044) * X2))
6;7.79246743280078;((exp(((-0.0762849972) * X1)) + ((-0.0011405044) * X2)) + ((-0.0011405044) * X2))
5;7.841116470169654;(exp(((-0.0813726187) * X1)) * exp(((-0.0023206710) * X2)))
4;7.762642054895546;(exp(((-0.0732454211) * X1)) + ((-0.0009029063) * X2))
10;277.2292143804674;(((0.0217767451 * X2) + ((0.6195936203 * X1) + 0.0798214599)) * (exp(((-0.0877536610) * X1)) + 1.2940651178))
1;6.091837769620665;(-0.3391251564)
9;7.165402283744645;exp((((0.8851673007 ^ (0.3057975769 * X1)) * (((-0.0001814920) * X2) + 0.1449113637)) ^ 2))
8;7.164841377536112;exp(((exp(((-0.0358535573) * X1)) * (((-0.0001814920) * X2) + 0.1449113637)) ^ 2))
3;7.5871441678470415;sqrt(exp(((-0.1088165939) * X1)))
2;7.478294976254433;exp(((-0.0423602387) * X1))
7;14.683143088352189;(exp(exp((((-0.0009029063) * X2) + ((-0.0388625264) * X1)))) + ((-0.0008241935) * X2))
6;7.792459726367028;((exp(((-0.0762849972) * X1)) + ((-0.0011305843) * X2)) + ((-0.0011405044) * X2))
5;7.837776088288163;(exp(((-0.0810262859) * X1)) * exp(((-0.0022915746) * X2)))
4;7.549697564339557;(exp(((-0.0501966104) * X1)) + ((-0.0011305843) * X2))
10;inf;(((7.5710859299 * X1) + (exp((0.4878678918 * X1)) + (0.2819581926 * X2))) * (((-0.0091321105) * X1) + 0.1770671308))
1;6.0388851594201896;(-0.2260839194)
9;14.653785572109525;exp(log((exp((exp(((-0.0378343053) * X1)) + ((-0.0011405044) * X2))) + ((-0.0008241935) * X2))))
8;14.63835161942681;(exp(((0.8851673007 ^ (0.3057975769 * X1)) + ((-0.0011305843) * X2))) + ((-0.0008241935) * X2))
3;7.586016154618538;sqrt(exp(((-0.1085694134) * X1)))
2;8.098949657518231;exp(((-0.1078374833) * X1))
7;14.636260268711387;(exp((exp(((-0.0372282229) * X1)) + ((-0.0011305843) * X2))) + ((-0.0008241935) * X2))
6;7.823217964424144;exp(((((-0.0795040727) * X1) + ((-0.0011405044) * X2)) + ((-0.0011405044) * X2)))
5;10.823797758660328;(exp(((-0.0023206710) * X2)) + exp(((-0.0672980696) * X1)))
4;7.774145301162205;(exp(((-0.0744631886) * X1)) + ((-0.0009029063) * X2))
10;252.20158607206642;((exp(((-0.0827088133) * X1)) + 1.1624670029) * ((0.0231118109 * X2) + (0.0847338364 + (0.6580632925 * X1))))
1;6.952524960031944;0.9238358736
9;15.675751019326755;exp(log((exp((((-0.0746747330) * X1) + exp(((-0.0023206710) * X2)))) + ((-0.0008241935) * X2))))
8;7.165741549697049;exp(((exp(((-0.0381737091) * X1)) * (((-0.0001814920) * X2) + 0.1449113637)) ^ 2))
3;7.581965105066977;(0.8834040165 ^ (0.4342944920 * X1))
2;8.100675767119652;exp(((-0.1080089882) * X1))
7;14.596304253707542;(exp((exp(((-0.0358535573) * X1)) + ((-0.0008241935) * X2))) + ((-0.0011405044) * X2))
6;7.707988096267054;exp(((((-0.0672980696) * X1) + ((-0.0011405044) * X2)) + ((-0.0011405044) * X2)))
5;10.822716391910692;(exp(((-0.0023206710) * X2)) + exp(((-0.0671882033) * X1)))
4;7.776146144696707;(exp(((-0.0746747330) * X1)) + ((-0.0009029063) * X2))
10;241.51982573961095;((exp(((-0.0810262859) * X1)) + 1.1211620569) * ((0.0234480053 * X2) + (0.0858859345 + (0.6677966118 * X1))))
1;6.468176708463449;0.6304861307
9;7.135571417305792;sqrt(exp(((exp(((-0.0371467136) * X1)) * (((-0.0001814920) * X2) + 0.1449113637)) ^ 2)))
8;14.636357071944106;(exp((sqrt(exp(((-0.0744631886) * X1))) + ((-0.0011305843) * X2))) + ((-0.0008241935) * X2))
3;7.574084078048121;sqrt(exp(((-0.1059515104) * X1)))
2;8.102117128661307;exp(((-0.1081521586) * X1))
7;14.656528897528748;(exp((exp(((-0.0379267745) * X1)) + ((-0.0011405044) * X2))) + ((-0.0009029063) * X2))
6;7.822021446989053;exp(((((-0.0793804452) * X1) + ((-0.0011305843) * X2)) + ((-0.0011305843) * X2)))
5;7.694486996241139;(exp(((-0.0658468306) * X1)) * exp(((-0.0023206710) * X2)))
4;7.877720451282994;(exp(((-0.0852896422) * X1)) + ((-0.0011405044) * X2))
10;inf;(((7.2355332375 * X1) + (exp((0.4623263180 * X1)) + (0.2690818906 * X2))) * (((-0.0095170997) * X1) + 0.1857183278))
1;10.119041774852532;(-2.0761272907)
9;35.12766799736596;(exp((sqrt(exp(exp(((-0.0344771482) * X1)))) + ((-0.0008241935) * X2))) + ((-0.0011305843) * X2))
8;21.199554872851806;((exp(((-0.0023206710) * X2)) + exp(exp(((-0.0372282229) * X1)))) + ((-0.0011405044) * X2))
3;14.959864352354337;exp(exp(((-0.0482194498) * X1)))
2;7.464647465051452;exp(((-0.0408321619) * X1))
7;14.663177379382988;(exp((exp(((-0.0381791778) * X1)) + ((-0.0009029063) * X2))) + ((-0.0008241935) * X2))
6;7.70793024092171;(exp((((-0.0672980696) * X1) + ((-0.0011405044) * X2))) + ((-0.0011405044) * X2))
5;10.817561067221067;(exp(((-0.0023206710) * X2)) + exp(((-0.0666640550) * X1)))
4;7.877712787341121;(exp(((-0.0852896422) * X1)) + ((-0.0011305843) * X2))
10;485.83674716506033;((exp(((-0.1314325184) * X1)) + 2.9155924320) * ((0.0125422273 * X2) + (0.0420294851 + (0.3635002971 * X1))))
1;6.47503192412498;0.6355164647
9;6.01503609082778;((exp(exp(((-0.0358535573) * X1))) * (((-0.0001814920) * X2) + 0.1449113637)) * 0.0330321901)
7;14.63391133103554;(exp((exp(((-0.0371467136) * X1)) + ((-0.0011305843) * X2))) + ((-0.0008241935) * X2))
2;8.106320115684417;exp(((-0.1085694134) * X1))
6;14.72403874667616;exp((sqrt(exp(((-0.0805407837) * X1))) + ((-0.0011405044) * X2)))
5;10.809535405692158;(exp(((-0.0658468306) * X1)) + exp(((-0.0023206710) * X2)))
4;7.536786852490936;exp((((-0.0487661548) * X1) + ((-0.0011305843) * X2)))
3;7.985489142033879;(exp(((-0.0482194498) * X1)) ^ 2)
10;inf;(((7.4835028648 * X1) + (exp((0.4775480926 * X1)) + (0.2781821489 * X2))) * (((-0.0091104126) * X1) + 0.1794737726))
1;10.774579746075135;2.1350216866
9;7.165604985679232;exp((((exp(((-0.0189112704) * X1)) ^ 2) * (((-0.0001814920) * X2) + 0.1449113637)) ^ 2))
8;14.638376380004912;(exp(((0.8851673007 ^ (0.3057975769 * X1)) + ((-0.0011405044) * X2))) + ((-0.0008241935) * X2))
3;7.986964033952273;sqrt(exp(((-0.1931773424) * X1)))
2;8.10881157625287;exp(((-0.1088165939) * X1))
7;14.638268776335874;(exp((exp(((-0.0372970328) * X1)) + ((-0.0011405044) * X2))) + ((-0.0008241935) * X2))
6;7.821984230308726;((sqrt(exp(((-0.0793804452) * X1))) + ((-0.0011405044) * X2)) ^ 2)
5;7.683194369079173;(0.8834040165 ^ ((0.0183873847 * X2) + (0.5213791728 * X1)))
4;7.791401510052654;(exp(((-0.0762849972) * X1)) + ((-0.0009029063) * X2))
10;117.60688251406971;(exp((exp(((-0.0190828238) * X1)) ^ 2)) * ((0.5239498019 * X1) + (0.0673809797 + (0.0183861516 * X2))))
1;6.012329901380938;0.0224735849
9;6.0101572664058205;(((exp(((-0.0375299007) * X1)) * (((-0.0001814920) * X2) + 0.1449113637)) ^ 2) * 0.0330321901)
7;14.653853524663251;(exp((exp(((-0.0378343053) * X1)) + ((-0.0011405044) * X2))) + ((-0.0009029063) * X2))
2;8.110796115374036;exp(((-0.1090134010) * X1))
6;7.821965395986088;(exp((((-0.0793804452) * X1) + ((-0.0011405044) * X2))) + ((-0.0011305843) * X2))
5;7.864428759124621;(exp(((-0.0838013440) * X1)) * exp(((-0.0023206710) * X2)))
4;7.5318543520726;exp((((-0.0482194498) * X1) + ((-0.0011405044) * X2)))
3;7.562723908975959;(0.9712380171 ^ (1.7724539042 * X1))
10;116.52545750165898;((exp((0.0778652579 ^ (0.0149494931 * X1))) * ((0.5213823915 * X1) + (0.0183857940 * X2))) + 0.1831471920)
1;6.571018234810924;(-0.7991923094)
9;6.025387009154869;((sqrt(sqrt(exp(((-0.1494079530) * X1)))) * (((-0.0001814920) * X2) + 0.1449113637)) ^ 2)
8;6.323701203229869;(exp(sqrt(exp(((-0.0709870979) * X1)))) * (((-0.0001814920) * X2) + 0.1449113637))
3;7.561998642022216;sqrt(exp(((-0.1032939404) * X1)))
2;8.114231645235897;exp(((-0.1093539223) * X1))
7;14.633127654454759;(exp((exp(((-0.0371195115) * X1)) + ((-0.0011305843) * X2))) + ((-0.0008241935) * X2))
6;7.8082478253623195;((exp(((-0.0779456943) * X1)) + ((-0.0011405044) * X2)) + ((-0.0011405044) * X2))
5;7.864404201574787;(exp(((-0.0838013440) * X1)) * exp(((-0.0022915746) * X2)))
4;7.79782271157653;(exp(((-0.0769613832) * X1)) + ((-0.0009029063) * X2))
10;117.60648720823662;(exp((0.8834040165 ^ (0.3057975769 * X1))) * ((0.5239489079 * X1) + (0.0673929378 + (0.0183869433 * X2))))
1;6.214001249408773;(-0.5030208826)
9;14.029566669605611;exp(exp(((exp(((-0.0375343375) * X1)) * (((-0.0001814920) * X2) + 0.1449113637)) ^ 2)))
7;14.635731906170152;exp(log(exp(exp((((-0.0372282229) * X1) + ((-0.0011405044) * X2))))))
2;8.116811946209754;exp(((-0.1096095294) * X1))
6;14.5130029446821;exp((sqrt(exp(((-0.0658468306) * X1))) + ((-0.0011305843) * X2)))
5;14.785720169049887;exp((exp(((-0.0423602387) * X1)) + ((-0.0011405044) * X2)))
4;7.620721799125695;(exp(((-0.0580003709) * X1)) + ((-0.0009029063) * X2))
3;7.560020592379453;sqrt(exp(((-0.1028583944) * X1)))
10;116.52408479960992;((exp((0.8834040165 ^ (0.3057975769 * X1))) * ((0.0183873847 * X2) + (0.5213791728 * X1))) + 0.1832126975)
1;8.46308918734069;1.5187065601
9;6.00934241612318;(((exp(((-0.0372282229) * X1)) * (((-0.0001814920) * X2) + 0.1449113637)) ^ 2) * (-0.0202031136))
8;6.025052442987943;((sqrt(exp(((-0.0728246123) * X1))) * (((-0.0001814920) * X2) + 0.1449113637)) ^ 2)
3;7.559583869900771;sqrt(exp(((-0.1027622074) * X1)))
2;7.453857011943624;exp(((-0.0396212041) * X1))
7;15.619609717518404;(exp((((-0.0728246123) * X1) + exp(((-0.0022915746) * X2)))) + ((-0.0008241935) * X2))
6;7.702025975165;((sqrt(exp(((-0.0666640550) * X1))) + ((-0.0011405044) * X2)) ^ 2)
5;14.788238506923083;exp((exp(((-0.0424450263) * X1)) + ((-0.0011405044) * X2)))
4;7.713278489803492;(exp(((-0.0679957494) * X1)) + ((-0.0008241935) * X2))
10;117.60648911860164;(exp((exp(((-0.0189112704) * X1)) ^ 2)) * ((0.5239489079 * X1) + (0.0673929378 + (0.0183869433 * X2))))
1;8.479859247168585;(-1.6208209991)
9;7.135720984802967;sqrt(exp(((exp(((-0.0379267745) * X1)) * (((-0.0001814920) * X2) + 0.1449113637)) ^ 2)))
8;14.63638192091498;(exp((sqrt(exp(((-0.0744631886) * X1))) + ((-0.0011405044) * X2))) + ((-0.0008241935) * X2))
3;7.555279650843262;(0.9712380171 ^ (1.7443598509 * X1))
2;8.120602232928753;exp(((-0.1099847704) * X1))
7;14.63628508448503;(exp((exp(((-0.0372282229) * X1)) + ((-0.0011405044) * X2))) + ((-0.0008241935) * X2))
6;7.6999640924577415;(exp((((-0.0664442629) * X1) + ((-0.0011405044) * X2))) + ((-0.0011405044) * X2))
5;14.785695223728991;exp((exp(((-0.0423602387) * X1)) + ((-0.0011305843) * X2)))
4;7.6987954066103015;(exp(((-0.0664442629) * X1)) + ((-0.0008241935) * X2))
10;116.52546212648521;((exp((exp(((-0.0189112704) * X1)) ^ 2)) * ((0.5213823915 * X1) + (0.0183857940 * X2))) + 0.1831471920)
1;7.103145767807573;(-1.0952087641)
9;6.010161444268321;(((exp(((-0.0378856547) * X1)) * (((-0.0001814920) * X2) + 0.1449113637)) ^ 2) * 0.0330321901)
7;6.323426613605319;(exp(exp(((-0.0354140177) * X1))) * (((-0.0001814920) * X2) + 0.1449113637))
2;7.447107807880441;exp(((-0.0388625264) * X1))
6;7.759594808351444;(exp((((-0.0728246123) * X1) + ((-0.0011305843) * X2))) + ((-0.0009029063) * X2))
5;14.631845079327356;exp((exp(((-0.0371191800) * X1)) + ((-0.0009029063) * X2)))
4;7.693228997330722;(exp(((-0.0658468306) * X1)) + ((-0.0008241935) * X2))
3;7.547041640203219;(1.2304719687 ^ ((-0.2410741448) * X1))
10;117.60651078475607;(exp((0.8851673007 ^ (0.3057975769 * X1))) * ((0.5239489079 * X1) + (0.0673929378 + (0.0183869433 * X2))))
1;7.0671720943968594;0.9811102152
9;6.0253042054045025;exp(log(((exp(((-0.0371195115) * X1)) * (((-0.0001814920) * X2) + 0.1449113637)) ^ 2)))
7;14.633936124550456;(exp((exp(((-0.0371467136) * X1)) + ((-0.0011405044) * X2))) + ((-0.0008241935) * X2))
2;8.128317942091394;exp(((-0.1107477844) * X1))
6;14.731140251989986;exp((sqrt(exp(((-0.0810262859) * X1))) + ((-0.0011305843) * X2)))
5;14.788213565896855;exp((exp(((-0.0424450263) * X1)) + ((-0.0011305843) * X2)))
4;7.901597511568969;exp((((-0.0877536610) * X1) + ((-0.0011405044) * X2)))
3;7.537820275499176;sqrt(exp(((-0.0979589224) * X1)))
10;117.60651498208969;(exp(sqrt(exp(((-0.0744631886) * X1)))) * ((0.5239489079 * X1) + (0.0673929378 + (0.0183869433 * X2))))
1;7.078164624397599;(-1.0832080841)
9;7.1357354025784625;sqrt(exp(((exp(((-0.0380017981) * X1)) * (((-0.0001814920) * X2) + 0.1449113637)) ^ 2)))
7;14.633142974768221;(exp((exp(((-0.0371191800) * X1)) + ((-0.0011405044) * X2))) + ((-0.0008241935) * X2))
2;8.131400307341341;exp(((-0.1110522896) * X1))
6;7.843910928308562;((exp(((-0.0408321619) * X1)) ^ 2) * exp(((-0.0023206710) * X2)))
5;14.457322685862788;exp((exp(((-0.0309315920) * X1)) + ((-0.0011305843) * X2)))
4;7.53180967037075;(exp(((-0.0482194498) * X1)) + ((-0.0011305843) * X2))
3;15.020956012881783;exp(exp(((-0.0501966104) * X1)))
10;235.0577664443637;(((0.0240141395 * X2) + ((0.6840693355 * X1) + 0.0880160332)) * (exp(((-0.0762849972) * X1)) + 1.0798484087))
1;6.052616941710208;(-0.2612436116)
9;6.010162540428218;(((exp(((-0.0379789695) * X1)) * (((-0.0001814920) * X2) + 0.1449113637)) ^ 2) * 0.0330321901)
8;6.136620265882883;(exp((((-0.0744631886) * X1) + ((-0.0011405044) * X2))) * (((-0.0001814920) * X2) + 0.1449113637))
3;8.024571600135964;(exp(((-0.0501966104) * X1)) ^ 2)
2;7.4410360111355125;exp(((-0.0381791778) * X1))
7;5.990069282416142;(exp(exp((((-0.0372282229) * X1) + ((-0.0011305843) * X2)))) * (-0.0202031136))
6;7.775076837835862;(exp((((-0.0744631886) * X1) + ((-0.0011405044) * X2))) + ((-0.0009029063) * X2))
5;14.457347089544262;exp((exp(((-0.0309315920) * X1)) + ((-0.0011405044) * X2)))
4;7.776121283969618;exp((((-0.0746747330) * X1) + ((-0.0008241935) * X2)))
10;319.57410417553774;(sqrt(exp(exp(((-0.0838013440) * X1)))) * (((0.0303656776 * X2) + (0.8604850769 * X1)) + 0.1111397892))
1;6.671982834771705;(-0.8636618853)
9;6.010162808574682;(((exp(((-0.0380017981) * X1)) * (((-0.0001814920) * X2) + 0.1449113637)) ^ 2) * 0.0330321901)
8;6.200261636673491;(exp(exp((((-0.0372282229) * X1) + ((-0.0011305843) * X2)))) * (0.3183098733 ^ 2))
3;7.536302420406822;(0.8851673007 ^ (0.4001651704 * X1))
2;7.440534069598093;exp(((-0.0381226502) * X1))
7;6.338015628802776;(exp(exp(((-0.0396212041) * X1))) * (((-0.0001814920) * X2) + 0.1449113637))
6;7.823099207899094;((exp(((-0.0795040727) * X1)) + ((-0.0011405044) * X2)) + ((-0.0011405044) * X2))
5;14.79986926384174;exp((exp(((-0.0428360701) * X1)) + ((-0.0011405044) * X2)))
4;7.903835680642074;exp((((-0.0879846066) * X1) + ((-0.0011405044) * X2)))
10;124.76162643273486;(exp(exp(((-0.0372970328) * X1))) * ((0.5239489079 * X1) + (exp(((-0.0023206710) * X2)) + (0.0183869433 * X2))))
1;6.132784370248417;(-0.4026117921)
9;6.010163739310534;(((exp(((-0.0380810201) * X1)) * (((-0.0001814920) * X2) + 0.1449113637)) ^ 2) * 0.0330321901)
8;6.136619198379998;(exp((((-0.0744631886) * X1) + ((-0.0011305843) * X2))) * (((-0.0001814920) * X2) + 0.1449113637))
3;15.028734034888625;exp(exp(((-0.0504467003) * X1)))
2;7.440164424923985;exp(((-0.0380810201) * X1))
7;14.741232264609346;(exp((exp(((-0.0408321619) * X1)) + ((-0.0011305843) * X2))) + ((-0.0008241935) * X2))
6;7.821911786732919;((exp(((-0.0793804452) * X1)) + ((-0.0011305843) * X2)) + ((-0.0011405044) * X2))
5;7.787307084807963;(exp((((-0.0009029063) * X2) + ((-0.0378852971) * X1))) ^ 2)
4;7.758612447428306;(exp(((-0.0728246123) * X1)) + ((-0.0008241935) * X2))
10;117.60658824900095;(exp(sqrt(exp(((-0.0728246123) * X1)))) * ((0.5239489079 * X1) + (0.0673929378 + (0.0183869433 * X2))))
1;6.012841283801245;0.0259945095
9;7.165674536449668;exp((((0.0778652579 ^ (0.0148863243 * X1)) * (((-0.0001814920) * X2) + 0.1449113637)) ^ 2))
8;6.136882995141297;(exp((((-0.0746747330) * X1) + ((-0.0011305843) * X2))) * (((-0.0001814920) * X2) + 0.1449113637))
3;15.033154114006251;exp(exp(((-0.0505886599) * X1)))
2;7.439461065410644;exp(((-0.0380017981) * X1))
7;14.64505622556549;(exp((exp(((-0.0375299007) * X1)) + ((-0.0011405044) * X2))) + ((-0.0009029063) * X2))
6;7.707746272358001;(exp((((-0.0672980696) * X1) + ((-0.0011405044) * X2))) + ((-0.0009029063) * X2))
5;7.6573868056609244;((exp(((-0.0309296250) * X1)) + ((-0.0011305843) * X2)) ^ 2)
4;7.762581598085082;(exp(((-0.0732454211) * X1)) + ((-0.0008241935) * X2))
10;116.52418917486742;((exp(sqrt(exp(((-0.0728246123) * X1)))) * ((0.0183873847 * X2) + (0.5213791728 * X1))) + 0.1832126975)
1;8.516857310032108;(-1.6325418949)
9;1410.6156393136746;(((exp(((-0.0379267745) * X1)) * (((-0.0001814920) * X2) + 0.1449113637)) ^ 2) + 37.4082908630)
8;0.276501463238769;((exp(((-0.0801091194) * X1)) * ((0.0493224561 * X2) + (-17.6412162781))) + 17.8321895599)
3;7.529195923001817;sqrt(exp(((-0.0960500464) * X1)))
2;7.439258431806527;exp(((-0.0379789695) * X1))
7;14.654719877568708;exp(log(exp(exp((((-0.0378856547) * X1) + ((-0.0011405044) * X2))))))
6;7.7077381531676075;(exp((((-0.0672980696) * X1) + ((-0.0011305843) * X2))) + ((-0.0009029063) * X2))
5;14.662471136718116;exp((exp(((-0.0381791778) * X1)) + ((-0.0009029063) * X2)))
4;7.764361829493768;(exp(((-0.0734340549) * X1)) + ((-0.0008241935) * X2))
10;0.6091846730552269;((exp(exp(exp(((-0.0161610562) * X1)))) * ((0.0032904346 * X2) + (-2.1312577724))) + 32.4806632996)
1;7.635874015016247;(-1.3245389462)
9;6.0256798790824995;exp(log(((exp(((-0.0381737091) * X1)) * (((-0.0001814920) * X2) + 0.1449113637)) ^ 2)))
8;7.199782730141237;exp(((exp(((-0.0728246123) * X1)) * exp(((-0.0022915746) * X2))) * 0.0330321901))
3;8.034349733690748;sqrt(exp(((-0.2027558982) * X1)))
2;7.43879484429783;exp(((-0.0379267484) * X1))
7;14.583743263674407;(exp((exp(((-0.0354140177) * X1)) + ((-0.0008241935) * X2))) + ((-0.0011305843) * X2))
6;7.742243491103517;(exp((((-0.0709870979) * X1) + ((-0.0011405044) * X2))) + ((-0.0008241935) * X2))
5;14.682436285139433;exp(exp((((-0.0009029063) * X2) + ((-0.0388625264) * X1))))
4;7.82085230374637;(exp(((-0.0793804452) * X1)) + ((-0.0009029063) * X2))
10;182.52294251264337;((exp(((-0.0702871680) * X1)) + 0.8441492915) * ((0.0254759528 * X2) + (0.0985771492 + (0.7718032002 * X1))))
1;6.03064791924812;(-0.2011580169)
9;7.135768401089832;sqrt(exp(((exp(((-0.0381737091) * X1)) * (((-0.0001814920) * X2) + 0.1449113637)) ^ 2)))
8;6.134577305193471;(exp((((-0.0728246123) * X1) + ((-0.0011305843) * X2))) * (((-0.0001814920) * X2) + 0.1449113637))
3;7.527039440475968;sqrt(exp(((-0.0955722556) * X1)))
2;7.4385635102906535;exp(((-0.0379006863) * X1))
7;5.989709776509037;(exp(exp((((-0.0380017981) * X1) + ((-0.0011405044) * X2)))) * (-0.0202031136))
6;7.759545364850749;((exp(((-0.0728246123) * X1)) + ((-0.0011305843) * X2)) + ((-0.0009029063) * X2))
5;14.811043823787651;exp((exp(((-0.0432109460) * X1)) + ((-0.0011405044) * X2)))
4;7.822031958603682;(exp(((-0.0795040727) * X1)) + ((-0.0009029063) * X2))
10;117.61269892506922;(exp(exp(((-0.0358535573) * X1))) * ((0.5239489079 * X1) + (exp(((-0.0375299007) * X1)) * (0.0183869433 * X2))))
1;6.032235921001811;0.1094969511
9;14.63824392715115;exp(log((exp((exp(((-0.0372970328) * X1)) + ((-0.0011305843) * X2))) + ((-0.0008241935) * X2))))
7;14.63243252724539;(exp((exp(((-0.0371195115) * X1)) + ((-0.0008241935) * X2))) + ((-0.0009029063) * X2))
2;7.437974348808248;exp(((-0.0378343053) * X1))
6;7.694350904998708;((exp(((-0.0658468306) * X1)) + ((-0.0011405044) * X2)) + ((-0.0011405044) * X2))
5;7.652324566102875;(exp(((-0.0613044500) * X1)) * exp(((-0.0022915746) * X2)))
4;7.651097700705518;(exp(((-0.0613044500) * X1)) + ((-0.0008241935) * X2))
3;14.256866010142291;exp(exp(((-0.0236660913) * X1)))
10;0.47924907738511835;((exp((1.6930915117 ^ ((-0.0723995641) * X1))) * ((0.0183623936 * X2) + (-13.6945953369))) + 37.4087142944)
1;6.012576861843318;0.0241952632
9;14.63644083833404;exp(log((exp(exp((((-0.0372282229) * X1) + ((-0.0011405044) * X2)))) + ((-0.0008241935) * X2))))
7;14.604769795176122;exp((sqrt((exp(((-0.0361561179) * X1)) ^ 2)) + ((-0.0011405044) * X2)))
2;8.136744435060612;exp(((-0.1115798056) * X1))
6;7.683548158209253;((0.9712380171 ^ (2.2160899639 * X1)) * exp(((-0.0022915746) * X2)))
5;14.811018799833693;exp((exp(((-0.0432109460) * X1)) + ((-0.0011305843) * X2)))
4;7.7760856535409575;(exp(((-0.0746747330) * X1)) + ((-0.0008241935) * X2))
3;7.5205172420079345;sqrt(exp(((-0.0941260159) * X1)))
10;6.204222219547251;((exp(exp((((-0.0009029063) * X2) + ((-0.0388625264) * X1)))) + ((-0.0011405044) * X2)) * (0.3183098733 ^ 2))
1;6.014000061203263;0.0334139466
9;7.806726146034903;(log((exp(exp((((-0.0011305843) * X2) + ((-0.0388625264) * X1)))) + ((-0.0008241935) * X2))) ^ 2)
7;5.990120106445463;(exp((exp(((-0.0371191800) * X1)) + ((-0.0011405044) * X2))) * (-0.0202031136))
2;8.137119162545405;exp(((-0.1116167754) * X1))
6;7.8329947047562065;((exp(((-0.0805407837) * X1)) + ((-0.0011305843) * X2)) + ((-0.0011405044) * X2))
5;14.55885673625765;exp((exp(((-0.0345732756) * X1)) + ((-0.0008241935) * X2)))
4;7.901539228203184;(exp(((-0.0877536610) * X1)) + ((-0.0011405044) * X2))
3;8.048939675091587;(0.9712380171 ^ (3.5240142345 * X1))
10;0.47944043640892087;((exp((0.8834040165 ^ (0.3057975769 * X1))) * ((0.0183624793 * X2) + (-13.6944379807))) + 37.4082908630)
1;8.259323099254237;(-1.5490577221)
9;14.596295677617192;exp(log((exp((exp(((-0.0358535573) * X1)) + ((-0.0008241935) * X2))) + ((-0.0011305843) * X2))))
8;15.65356304989357;(exp((exp(((-0.0371191800) * X1)) + ((-0.0011405044) * X2))) + sqrt(0.0316311605))
3;7.5137833535338086;(0.9712380171 ^ (1.5870314837 * X1))
2;7.435312737591431;exp(((-0.0375343375) * X1))
7;5.990107332568397;(exp((exp(((-0.0371467136) * X1)) + ((-0.0011405044) * X2))) * (-0.0202031136))
6;7.7750158013001744;(exp((((-0.0744631886) * X1) + ((-0.0011405044) * X2))) + ((-0.0008241935) * X2))
5;10.765196858801021;(exp(((-0.0613044500) * X1)) + exp(((-0.0023206710) * X2)))
4;7.7810373703144595;(exp(((-0.0751979202) * X1)) + ((-0.0008241935) * X2))
10;inf;(((7.5346870422 * X1) + (exp((0.4459347129 * X1)) + (0.2835072875 * X2))) * (((-0.0087710582) * X1) + 0.1791934222))
1;8.667450936322005;(-1.6793806553)
9;14.029989532763983;exp(exp(((exp(((-0.0378856547) * X1)) * (((-0.0001814920) * X2) + 0.1449113637)) ^ 2)))
8;15.654363509746624;(exp((exp(((-0.0371467136) * X1)) + ((-0.0011405044) * X2))) + sqrt(0.0316311605))
3;8.052751072833486;(exp(((-0.0516130477) * X1)) ^ 2)
2;7.433208071460648;exp(((-0.0372970328) * X1))
7;15.619897111045866;(exp((((-0.0728246123) * X1) + exp(((-0.0022915746) * X2)))) + ((-0.0011405044) * X2))
6;7.777016827226399;(exp((((-0.0746747330) * X1) + ((-0.0011405044) * X2))) + ((-0.0008241935) * X2))
5;7.902588384998511;(exp(((-0.0877536610) * X1)) * exp(((-0.0023206710) * X2)))
4;7.642498575209866;(exp(((-0.0603728741) * X1)) + ((-0.0008241935) * X2))
10;117.57123000984416;((exp((0.0778652579 ^ (0.0149178337 * X1))) * ((0.5239445567 * X1) + 0.0671520978)) + (0.0501165688 * X2))
1;7.046942765112732;0.9712380171
9;14.030016487696296;exp(exp(((exp(((-0.0379079767) * X1)) * (((-0.0001814920) * X2) + 0.1449113637)) ^ 2)))
8;6.136879967640307;((exp(((-0.0746747330) * X1)) + ((-0.0011405044) * X2)) * (((-0.0001814920) * X2) + 0.1449113637))
3;8.054061643567026;sqrt(exp(((-0.2067149580) * X1)))
2;7.432629205699861;exp(((-0.0372317471) * X1))
7;14.635677757050853;exp(log(exp((exp(((-0.0372317471) * X1)) + ((-0.0011405044) * X2)))))
6;7.707677291682027;(exp((((-0.0672980696) * X1) + ((-0.0011305843) * X2))) + ((-0.0008241935) * X2))
5;14.827404256558657;exp((exp(((-0.0437583178) * X1)) + ((-0.0011405044) * X2)))
4;7.903777252630036;(exp(((-0.0879846066) * X1)) + ((-0.0011405044) * X2))
10;718.9323527489311;((exp(((-0.4570081234) * X1)) + 14.5152606964) * ((0.0032592639 * X2) + (((-0.0008241935) * X2) + (0.0887558386 * X1))))
1;7.175969378286534;1.0326596498
9;14.653853530598404;exp(log((exp((exp(((-0.0378343053) * X1)) + ((-0.0011405044) * X2))) + ((-0.0009029063) * X2))))
8;14.635673057399119;exp(log(exp((sqrt(exp(((-0.0744631886) * X1))) + ((-0.0011405044) * X2)))))
3;7.5081424292056775;sqrt(exp(((-0.0913771093) * X1)))
2;7.432597972140023;exp(((-0.0372282229) * X1))
7;14.684016012733421;(exp(exp((((-0.0011305843) * X2) + ((-0.0388625264) * X1)))) + ((-0.0011305843) * X2))
6;7.777008657579355;(exp((((-0.0746747330) * X1) + ((-0.0011305843) * X2))) + ((-0.0008241935) * X2))
5;7.643724017294142;(exp(((-0.0603728741) * X1)) * exp(((-0.0022915746) * X2)))
4;7.831934746776843;(exp(((-0.0805407837) * X1)) + ((-0.0009029063) * X2))
10;14.696562766762924;(exp((((0.0778652579 ^ (0.0149494931 * X1)) + ((-0.0011305843) * X1)) + ((-0.0011305843) * X2))) + ((-0.0008241935) * X2))
1;6.331619255186321;0.5210962296
9;14.03003908372312;exp(exp(((exp(((-0.0379267745) * X1)) * (((-0.0001814920) * X2) + 0.1449113637)) ^ 2)))
7;5.990037586612362;(exp((exp(((-0.0372970328) * X1)) + ((-0.0011405044) * X2))) * (-0.0202031136))
2;7.4318753289720005;exp(((-0.0371467136) * X1))
6;7.742194554564482;((exp(((-0.0709870979) * X1)) + ((-0.0008241935) * X2)) + ((-0.0011405044) * X2))
5;7.904826782443413;(exp(((-0.0879846066) * X1)) * exp(((-0.0023206710) * X2)))
4;7.789568007303266;(exp(((-0.0760980919) * X1)) + ((-0.0008241935) * X2))
3;14.23177239374585;exp(exp(((-0.0227219760) * X1)))
10;7.1383673883602805;exp(((exp(exp(((-0.0372282229) * X1))) * (((-0.0001814920) * X2) + 0.1449113637)) * 0.0330321901))
1;6.084374485389435;(-0.3259935677)
9;14.030102020284831;exp(exp(((exp(((-0.0379789695) * X1)) * (((-0.0001814920) * X2) + 0.1449113637)) ^ 2)))
7;14.596110634002246;exp(log(exp((exp(((-0.0358535573) * X1)) + ((-0.0011405044) * X2)))))
2;7.431634186435729;exp(((-0.0371195115) * X1))
6;7.776993898810384;(exp((((-0.0746747330) * X1) + ((-0.0008241935) * X2))) + ((-0.0011305843) * X2))
5;7.902563722406226;(exp(((-0.0877536610) * X1)) * exp(((-0.0022915746) * X2)))
4;7.7913409813228025;(exp(((-0.0762849972) * X1)) + ((-0.0008241935) * X2))
3;7.4407102262477665;sqrt(exp(((-0.0762849972) * X1)))
10;14.689230837047184;(exp((((0.8834040165 ^ (0.3057975769 * X1)) + ((-0.0011305843) * X1)) + ((-0.0011305843) * X2))) + ((-0.0008241935) * X2))
1;6.898362119302939;0.8955698013
9;7.227484852921416;(exp(((exp(((-0.0380017981) * X1)) * (((-0.0001814920) * X2) + 0.1449113637)) ^ 2)) ^ 2)
8;7.344435078694622;exp((exp((exp(((-0.0371195115) * X1)) + ((-0.0011305843) * X2))) * 0.0330321901))
3;7.439457926131022;(0.0778652579 ^ (0.0148863243 * X1))
2;7.423100912504689;exp(((-0.0361561179) * X1))
7;14.639144378539626;exp((sqrt(sqrt(exp(((-0.1494079530) * X1)))) + ((-0.0011405044) * X2)))
6;7.840954352946607;((exp(((-0.0813726187) * X1)) + ((-0.0011405044) * X2)) + ((-0.0011305843) * X2))
5;14.831165544440163;exp((exp(((-0.0438839123) * X1)) + ((-0.0011405044) * X2)))
4;7.83657873638088;(exp(((-0.0810262859) * X1)) + ((-0.0009029063) * X2))
10;6.0263225996754395;((exp(sqrt(exp(((-0.0746747330) * X1)))) * (((-0.0001814920) * X2) + 0.1449113637)) * (-1.1268520355))
1;6.878219783333655;(-0.9816125631)
9;6.033275593347425;((exp(exp(((-0.0354140177) * X1))) * (((-0.0001814920) * X2) + 0.1449113637)) * (-1.1268520355))
8;6.136615152693323;((exp(((-0.0744631886) * X1)) + ((-0.0011305843) * X2)) * (((-0.0001814920) * X2) + 0.1449113637))
3;7.438650902307063;(0.8834040165 ^ (0.3057975769 * X1))
2;8.15603662387887;exp(((-0.1134796366) * X1))
7;6.05545741518056;(exp(exp((((-0.0380017981) * X1) + ((-0.0011305843) * X2)))) * 0.0330321901)
6;7.763461347738566;((exp(((-0.0732454211) * X1)) + ((-0.0011405044) * X2)) + ((-0.0008241935) * X2))
5;14.631660586604541;exp((exp(((-0.0371195115) * X1)) + ((-0.0008241935) * X2)))
4;7.79776216659509;(exp(((-0.0769613832) * X1)) + ((-0.0008241935) * X2))
10;6.519685101674782;((exp(exp(((-0.0372970328) * X1))) * (((-0.0001814920) * X2) + 0.1449113637)) + sqrt(0.0316311605))
1;6.0109687459843535;0.0121113900
8;6.136878938537568;((exp(((-0.0746747330) * X1)) + ((-0.0011305843) * X2)) * (((-0.0001814920) * X2) + 0.1449113637))
7;14.615435301690399;exp(((log(1.0907411575) ^ (0.0149494931 * X1)) + ((-0.0011305843) * X2)))
2;8.158713891210308;exp(((-0.1137427315) * X1))
6;7.79978054267872;((exp(((-0.0769613832) * X1)) + ((-0.0022915746) * X2)) + ((-0.0011305843) * X2))
5;14.653777431840833;exp((exp(((-0.0378856547) * X1)) + ((-0.0008241935) * X2)))
4;7.839894054920016;(exp(((-0.0813726187) * X1)) + ((-0.0009029063) * X2))
3;7.432627792700934;sqrt(exp(((-0.0744631886) * X1)))
9;14.633936037487183;exp(log((exp((exp(((-0.0371467136) * X1)) + ((-0.0011405044) * X2))) + ((-0.0008241935) * X2))))
