arm,experiment,variant,seed,master_seed,status,physics_alignment,alignment_statistic,comparable,second_conjunct_name,second_conjunct_value,threshold,second_threshold,recovered,physics_alignment_mdl,second_conjunct_value_mdl,recovered_mdl,r_hat,m_fit,n_train_simulations,n_eval_simulations,n_augmented_coordinate_evaluations,complexity_total,mdl_total,nll_neural,nll_symbolic,r2_true_min,r2_sr_min,expression,expression_mdl,source_path
three_step,rosenbrock,,0,0,success,0.963406024686498,pearson_abs_corr,1,complementary_linear_alignment,0.9999999999999997,0.5,0.5,1,,,,,,500,500,2000,28,256.08514404296875,,,,,1.003*(0.059*theta1 - 0.155*theta2 - (0.045*(1.006*theta1 + 0.008)**2 - 1.612)**2 + 0.001)**2 - 0.074 | 6.622 - 2.093*theta1,,records/three_step/rosenbrock/seed_0
three_step,rosenbrock,,1,1,success,0.9484478145110434,pearson_abs_corr,1,complementary_linear_alignment,1,0.5,0.5,1,,,,,,500,500,2000,28,395.6628189086914,,,,,-0.274*theta1 + 1.003*(0.163*theta2 + (0.049*(1.003*theta1 - 0.008)**2 - 1.544)**2 + 0.001)**2 + 0.074 | 8.046 - 2.073*theta1,,records/three_step/rosenbrock/seed_1
three_step,rosenbrock,,2,2,success,0.8118318406361296,pearson_abs_corr,1,complementary_linear_alignment,0.9988247825582134,0.5,0.5,1,,,,,,500,500,2000,40,317.71983337402344,,,,,(0.053*theta1 + 0.938)*(0.575*theta1 - 0.681*theta2 + 0.45*(1.004*theta1 - 0.01)**2 - 0.006) + 3.823 | (0.045*theta2 - 2.211)*(0.799*theta1 + 0.026*theta2 - 0.008) + 3.823,,records/three_step/rosenbrock/seed_2
three_step,rosenbrock,,3,3,success,0.9870521963463307,pearson_abs_corr,1,complementary_linear_alignment,0.9992555687311879,0.5,0.5,1,,,,,,500,500,2000,28,280.7957000732422,,,,,0.982*theta1**2 + 0.294*theta1 - 1.045*theta2 + 5.976 | -2.649*theta1 + 0.104*theta2 + 5.985,,records/three_step/rosenbrock/seed_3
three_step,rosenbrock,,4,4,success,0.6252076012041339,pearson_abs_corr,1,complementary_linear_alignment,0.997529463969157,0.5,0.5,1,,,,,,500,500,2000,28,403.6179504394531,,,,,-0.516*theta1**2 - 1.396*theta1 + 0.847*theta2 + 9.395 | -2.42*theta1 - 0.172*theta2 + 9.383,,records/three_step/rosenbrock/seed_4
three_step,rosenbrock,,5,5,success,0.9370247331426861,pearson_abs_corr,1,complementary_linear_alignment,1,0.5,0.5,1,,,,,,500,500,2000,24,330.6320037841797,,,,,0.473*theta1**2 + 0.331*theta1 - 0.622*theta2 + 4.585 | 4.564 - 1.882*theta1,,records/three_step/rosenbrock/seed_5
three_step,rosenbrock,,6,6,success,0.9895814672276451,pearson_abs_corr,1,complementary_linear_alignment,1,0.5,0.5,1,,,,,,500,500,2000,24,366.3901062011719,,,,,0.528*theta1**2 + 0.136*theta1 - 0.59*theta2 + 3.887 | 3.882 - 1.927*theta1,,records/three_step/rosenbrock/seed_6
three_step,rosenbrock,,7,7,success,0.8222583451309402,pearson_abs_corr,1,complementary_linear_alignment,1,0.5,0.5,1,,,,,,500,500,2000,24,266.34930419921875,,,,,0.427*theta1**2 + 0.605*theta1 - 0.689*theta2 + 4.662 | 4.685 - 1.982*theta1,,records/three_step/rosenbrock/seed_7
three_step,rosenbrock,,8,8,success,0.9209635826238197,pearson_abs_corr,1,complementary_linear_alignment,0.9999999999999999,0.5,0.5,1,,,,,,500,500,2000,24,458.1295623779297,,,,,-0.464*theta1**2 - 0.322*theta1 + 0.786*theta2 + 6.868 | 6.865 - 1.964*theta1,,records/three_step/rosenbrock/seed_8
three_step,rosenbrock,,9,9,success,0.7764780474147903,pearson_abs_corr,1,complementary_linear_alignment,0.9987113594429458,0.5,0.5,1,,,,,,500,500,2000,28,273.3978805541992,,,,,0.503*theta1**2 + 0.777*theta1 - 0.637*theta2 + 4.249 | -1.938*theta1 - 0.101*theta2 + 4.262,,records/three_step/rosenbrock/seed_9
one_step,rosenbrock,,0,62,success,0.9993316920795859,r2_true_min,0,complementary_linear_alignment,,0.5,0.5,,,,,2,2,500,1000,2000,,,-1.3525516860215805,-1.2296600401629194,0.9993316920795859,0.9999999511756779,(40.924255 + (1.637981 * ((((-0.618504) * X1) * (3.636099 * X1)) + (3.139210 * X2)))) | (55.491451 + (0.426374 * (((-36.179089) * X1) + (0.610590 * X2)))),(40.924255 + (1.637981 * ((((-0.618504) * X1) * (3.636099 * X1)) + (3.139210 * X2)))) | (55.523369 + (0.999606 * (((((-0.409792) * X1) * ((-2.416708) * X2)) + ((-15.352356) * X1)) + (0.204182 * X2)))),records/one_step/rosenbrock/seed_0
one_step,rosenbrock,,1,7981,success,0.9995847471799855,r2_true_min,0,complementary_linear_alignment,,0.5,0.5,,,,,2,2,500,1000,2000,18,,-0.9510021783921705,-1.0919354967148847,0.9995847471799855,0.9999960590861351,(59.033215 + (53.569870 * (((27.948790 * X1) * ((-0.003545) * X1)) + (0.104688 * X2)))) | (41.236538 + ((-4.236503) * ((5.443419 * X1) / ((0.034683 * X2) + 1.803926)))),(59.562401 + (1.000001 * ((0.501387 * X1) + ((((3.485775 * X1) * ((-0.234376) * X1)) + 58.982613) * (((0.031800 * X1) * ((-3.154443) * X1)) + (0.099371 * X2)))))) | (41.237091 + (0.999998 * (((-117.482635) * X1) / sqrt(((3.265333 * X2) + 84.550407))))),records/one_step/rosenbrock/seed_1
one_step,rosenbrock,,2,15900,success,0.9997263699944172,r2_true_min,0,complementary_linear_alignment,,0.5,0.5,,0.9997263699944172,,,2,2,500,1000,2000,10,,-1.3148792320061027,-1.3110915559707732,0.9997263699944172,0.9999738717077605,(459.058533 + (0.999994 * (((((-30.098963) + ((-0.030190) * X2)) + ((-5.042225) * X1)) * sqrt((172.536240 + (47.217705 * X1)))) + ((5.896180 * X2) + (119.159546 * X1))))) | (38.467487 + (0.988482 * ((0.145941 * X2) + ((((-0.810752) * X2) + (((1.719706 * X1) * (0.434294 * X1)) + 39.076561)) * ((-0.281184) * X1))))),(459.058533 + (0.999994 * (((((-30.098963) + ((-0.030190) * X2)) + ((-5.042225) * X1)) * sqrt((172.536240 + (47.217705 * X1)))) + ((5.896180 * X2) + (119.159546 * X1))))) | (38.467487 + (0.988482 * ((0.145941 * X2) + ((((-0.810752) * X2) + (((1.719706 * X1) * (0.434294 * X1)) + 39.076561)) * ((-0.281184) * X1))))),records/one_step/rosenbrock/seed_2
one_step,rosenbrock,,3,23819,success,0.999266508009063,r2_true_min,0,complementary_linear_alignment,,0.5,0.5,,,,,2,2,500,1000,2000,,,-1.0330122501989105,-1.0109862231922195,0.999266508009063,0.9999996812045158,(19.750513 + (0.594026 * ((((9.672937 * X1) * (0.763356 * X1)) + ((-8.298816) * X2)) + (2.639859 * X1)))) | (33.355530 + (1.011791 * ((sqrt((0.501232 + (0.092257 * X1))) * (0.457240 * X2)) + (10.414704 * X1)))),(19.750513 + (0.594026 * ((((9.672937 * X1) * (0.763356 * X1)) + ((-8.298816) * X2)) + (2.639859 * X1)))) | (0.000024 + (1.000000 * (sqrt((1112.924683 + (22.116730 * X2))) + (10.535579 * X1)))),records/one_step/rosenbrock/seed_3
one_step,rosenbrock,,4,31738,success,0.9995408487704229,r2_true_min,0,complementary_linear_alignment,,0.5,0.5,,0.9995408487704229,,,2,2,500,1000,2000,10,,-0.9939623353208339,-1.0734137845915068,0.9995408487704229,0.9999302939244068,(67.970634 + (207.362411 * ((((-0.027534) * X1) * (0.964776 * X1)) + (0.028858 * X2)))) | (49.399509 + (0.998858 * (((0.330878 * X1) * (1.433510 * X2)) + ((-13.743738) * X1)))),(67.970634 + (207.362411 * ((((-0.027534) * X1) * (0.964776 * X1)) + (0.028858 * X2)))) | (49.399509 + (0.998858 * (((0.330878 * X1) * (1.433510 * X2)) + ((-13.743738) * X1)))),records/one_step/rosenbrock/seed_4
one_step,rosenbrock,,5,39657,success,0.9990319312956109,r2_true_min,0,complementary_linear_alignment,,0.5,0.5,,,,,2,2,500,1000,2000,28,,-1.2975017896429484,-1.2771886548998665,0.9990319312956109,0.9999821363718339,(0.000011 + (1.000000 * ((((0.444134 * X1) + 47.920849) + (5.179259 * X2)) + (((-4.352907) * X1) * (0.964776 * X1))))) | (47.478558 + (1.000000 * (((((-0.189430) * X1) * (((1.250362 * X1) * (2.355982 * X1)) + ((-3.474530) * X2))) + ((-10.685080) * X1)) + (0.188559 * X2)))),(47.918152 + (2.922919 * ((0.152777 * X1) + ((1.772454 * X2) + (((-18.537930) * X1) * (0.077489 * X1)))))) | (47.478558 + (1.000000 * (((((-0.189430) * X1) * (((1.250362 * X1) * (2.355982 * X1)) + ((-3.474530) * X2))) + ((-10.685080) * X1)) + (0.188559 * X2)))),records/one_step/rosenbrock/seed_5
one_step,rosenbrock,,6,47576,success,0.9996066487562923,r2_true_min,0,complementary_linear_alignment,,0.5,0.5,,0.9996066487562923,,,2,2,500,1000,2000,10,,-1.2336001180300278,-1.2534270777622012,0.9996066487562923,0.9999999999997308,(0.000005 + ((sqrt(((142.747833 * X1) + 3961.145996)) + ((3.989587 * X1) * ((-1.356557) * X1))) + (5.466398 * X2))) | (43.411526 + (53.188839 * ((-0.254973) * X1))),(0.000005 + ((sqrt(((142.747833 * X1) + 3961.145996)) + ((3.989587 * X1) * ((-1.356557) * X1))) + (5.466398 * X2))) | (43.411526 + (53.188839 * ((-0.254973) * X1))),records/one_step/rosenbrock/seed_6
one_step,rosenbrock,,7,55495,success,0.9687066141451338,r2_true_min,0,complementary_linear_alignment,,0.5,0.5,,0.9687066141451338,,,2,2,500,1000,2000,10,,-0.9415485929271912,-0.12426327154315521,0.9687066141451338,1,(64.319763 + ((-21.221291) * ((-0.759981) * X1))) | (14.941696 + (1.170538 * (((-2.206169) * X1) + (2.882267 * X2)))),(64.319763 + ((-21.221291) * ((-0.759981) * X1))) | (14.941696 + (1.170538 * (((-2.206169) * X1) + (2.882267 * X2)))),records/one_step/rosenbrock/seed_7
one_step,rosenbrock,,8,63414,success,0.9995922134043725,r2_true_min,0,complementary_linear_alignment,,0.5,0.5,,,,,2,2,500,1000,2000,25,,-1.4998413004353053,-1.5373639675895123,0.9995922134043725,0.9999459576730002,((-0.000005) + ((((-11.244293) * X1) * (0.424438 * X1)) + (((5.824423 * X2) + 63.076706) + (1.181951 * X1)))) | (49.528423 + (4.180208 * (((-0.165124) * X1) * sqrt((((15.104119 * X1) * (1.679363 * X1)) + (((-40.140053) * X2) + 282.213928)))))),(0.000195 + (0.999998 * (((5.824447 * X2) + ((2.064248 * X1) * ((-2.306597) * X1))) + sqrt((3978.646729 + (148.990784 * X1)))))) | (51.439098 + (1.000000 * (((((-21.973272) * X1) + (-3.229625)) / ((4.290493 * X2) + 52.672859)) * (((sqrt(((52.762383 * X2) + 161.500473)) * ((-0.027912) * X1)) * ((-3.168349) * X1)) + 27.514065)))),records/one_step/rosenbrock/seed_8
one_step,rosenbrock,,9,71333,success,0.9993858365597852,r2_true_min,0,complementary_linear_alignment,,0.5,0.5,,0.9993858365597852,,,2,2,500,1000,2000,10,,-1.4228641930835388,-1.4428503349064132,0.9993858365597852,0.9998127955168755,((-0.179346) + (1.000408 * (((-6.587111) * X2) + (((((-0.000811) * X1) * ((-82.889732) * X1)) + 0.284524) * (sqrt((((38.849178 * X1) + 341.960632) + (66.200462 * X2))) + 46.319878))))) | (49.850407 + ((((((1.989978 * X1) * (0.662880 * X2)) + (7.135466 * X1)) * ((-0.076046) * X1)) + ((-13.848638) + (1.339876 * X2))) * ((-0.862022) * X1))),((-0.179346) + (1.000408 * (((-6.587111) * X2) + (((((-0.000811) * X1) * ((-82.889732) * X1)) + 0.284524) * (sqrt((((38.849178 * X1) + 341.960632) + (66.200462 * X2))) + 46.319878))))) | (49.850407 + ((((((1.989978 * X1) * (0.662880 * X2)) + (7.135466 * X1)) * ((-0.076046) * X1)) + ((-13.848638) + (1.339876 * X2))) * ((-0.862022) * X1))),records/one_step/rosenbrock/seed_9
three_step,sir,,0,0,success,0.6149474488862295,pearson_abs_corr,1,,,0.5,,1,,,,,,500,500,7554,14,9653.30859375,,,,,1.663 - 0.617*beta | 1.87*gamma + 1.363,,records/three_step/sir/seed_0
three_step,sir,,1,1,success,0.6184062956950273,pearson_abs_corr,1,,,0.5,,1,,,,,,500,500,7626,18,10291.941162109375,,,,,-0.772*beta + 0.611*gamma + 1.701 | 1.639*gamma + 1.301,,records/three_step/sir/seed_1
three_step,sir,,2,2,success,0.6953235759177777,pearson_abs_corr,1,,,0.5,,1,,,,,,500,500,7592,31,6521.813720703125,,,,,1.65*gamma - 0.119*(1.116*beta + 0.886)**2 + 1.0/(0.447*beta + 0.894*gamma + 0.71)**1.43 + 0.655 | 1.65*gamma + 1.176,,records/three_step/sir/seed_2
three_step,sir,,3,3,success,0.7447377358867572,pearson_abs_corr,1,,,0.5,,1,,,,,,500,500,7515,16,31382.651245117188,,,,,1.557 - 1.132*gamma | 2.007 - 0.892/(2.232*gamma + 0.888)**4.831,,records/three_step/sir/seed_3
three_step,sir,,4,4,success,0.9155622579739615,pearson_abs_corr,1,,,0.5,,1,,,,,,500,500,7600,36,20056.85791015625,,,,,0.64*beta + 1.049 | (-3.255*beta + (1.883 - 5.502*gamma)*(2.242*gamma + 0.886)**1.207 + (3.47*beta + 2.735)*(2.242*gamma + 0.886)**2.207 - 2.565)/((1.119*beta + 0.882)*(2.242*gamma + 0.886)**2.207),,records/three_step/sir/seed_4
three_step,sir,,5,5,success,0.642614865812681,pearson_abs_corr,1,,,0.5,,1,,,,,,500,500,7586,14,23562.035888671875,,,,,1.761 - 1.641*gamma | 0.602*beta + 1.066,,records/three_step/sir/seed_5
three_step,sir,,6,6,success,0.7306338741152003,pearson_abs_corr,1,,,0.5,,1,,,,,,500,500,7622,26,2731.7017822265625,,,,,-0.796*beta + 2.122*gamma + 1.474/(2.232*gamma + 0.887)**0.807 + 0.24 | 2.487 - 1.272/(2.232*gamma + 0.887)**1.781,,records/three_step/sir/seed_6
three_step,sir,,7,7,success,0.918490686021275,pearson_abs_corr,1,,,0.5,,1,,,,,,500,500,7632,19,6735.944610595703,,,,,(1.119*beta + 0.459*gamma + 1.075)/(2.243*gamma + 0.886) | 1.235*gamma + 1.295,,records/three_step/sir/seed_7
three_step,sir,,8,8,success,0.6520069350586348,pearson_abs_corr,1,,,0.5,,1,,,,,,500,500,7509,14,32642.8828125,,,,,1.77*gamma + 1.411 | 1.702 - 0.584*beta,,records/three_step/sir/seed_8
three_step,sir,,9,9,success,0.6333874439168782,pearson_abs_corr,1,,,0.5,,1,,,,,,500,500,7631,14,19310.496704101562,,,,,1.647 - 1.134*gamma | 0.756*beta + 0.569,,records/three_step/sir/seed_9
one_step,sir,,0,93,success,0.634964657245878,pearson_abs_corr,1,,,0.5,,1,,,,2,,500,500,10000,10,,-2.396545015335942,-1.0540966618983967,0.9876257811334218,0.9742673125152121,((-13.771530) + (1.846426 * (10.832370 * X2))) | (49.740883 + ((-2.048323) * (9.954390 * X1))),,records/one_step/sir/seed_0
one_step,sir,,1,8012,success,0.6433770892963843,pearson_abs_corr,1,,,0.5,,1,,,,2,,500,500,10000,10,,-2.550668756480681,-1.285197935968,0.9844026314566592,0.9775048788502092,((-14.981945) + (1.792696 * (12.670787 * X2))) | (37.649452 + (27.167480 * ((0.374429 * X2) + ((-0.883943) * X1)))),,records/one_step/sir/seed_1
one_step,sir,,2,15931,success,0.6284152951562824,pearson_abs_corr,1,,,0.5,,1,,,,1,,500,500,10000,10,,-1.7027818704574536,-0.8900913667005342,0.9864122453851021,0.9756127127525448,((-13.835683) + (1.777176 * (11.936956 * X2))) | ((-0.000006) + (((((-5.154371) * X3) + 51.908012) + ((-24.847946) * X1)) + (8.222971 * X2))),,records/one_step/sir/seed_2
one_step,sir,,3,23850,success,0.8096065002939531,pearson_abs_corr,1,,,0.5,,1,,,,2,,500,500,10000,15,,-2.7818861201859826,-2.5935396162230258,0.9892981628471006,0.982919979060358,((-0.271750) + (0.983233 * (((-11.773309) * X1) + (25.061218 * X2)))) | ((-8.795309) + (1.809567 * ((((-42.875523) * X2) / (7.231656 * X3)) + (10.735907 * X1)))) | ((-1.000335) + (1.004575 * (((((-2.896990) * X2) * (1.708174 * X2)) + (10.245113 * X2)) + (((-3.316230) * X3) + (((43.492790 * X1) + (-42.073948)) ^ 0.710404))))),,records/one_step/sir/seed_3
one_step,sir,,4,31769,success,0.6461481976312424,pearson_abs_corr,1,,,0.5,,1,,,,2,,500,500,10000,15,,-2.9074882960430637,11.11846234024592,0.9912270720146351,0.9788348497647739,((-12.076709) + (1.654224 * (12.304136 * X2))) | ((-17.886543) + (3.451265 * (5.011730 * X1))) | ((-5.915864) + (1.495600 * ((9.118129 * X1) + ((-3.417424) * X2)))),,records/one_step/sir/seed_4
one_step,sir,,5,39688,success,0.6164837998617921,pearson_abs_corr,1,,,0.5,,1,,,,2,,500,500,10000,15,,-3.0035831502690726,10.788205556312324,0.9901870585067013,0.9740174209472897,((-12.070873) + (1.567252 * (14.227284 * X2))) | ((-10.076284) + (1.860075 * (5.936821 * X1))) | ((-16.395523) + (2.343812 * (7.437826 * X1))),,records/one_step/sir/seed_5
one_step,sir,,6,47607,success,0.889553381091662,pearson_abs_corr,1,,,0.5,,1,,,,2,,500,500,10000,15,,-2.425985982067846,-2.709725157048644,0.989158951251404,0.9968469881382448,(52.362640 + ((-2.627300) * (((7.977244 * X1) / (2.191066 * X2)) * (5.164083 + ((-1.154039) * X1))))) | ((-0.000697) + (1.000048 * (((36.882862 * X1) + ((-680.880981) / (18.340712 * X3))) * ((0.155094 * X1) + (0.502790 + ((-0.250519) * X2)))))) | (0.322226 + (1.006803 * ((((-2644.457764) * X3) / (772.377380 * X2)) + ((14.485802 * X1) + ((-8.029060) * X2))))),,records/one_step/sir/seed_6
one_step,sir,,7,55526,success,0.7698769630521994,pearson_abs_corr,1,,,0.5,,1,,,,2,,500,500,10000,10,,-3.0624162155991304,-2.1470021267043053,0.9822475667119904,0.9765845717082321,((-3.745556) + (1.170963 * ((17.013624 * X2) + ((-5.721807) * X1)))) | (0.000020 + (1.000000 * (((((-4.986546) * X3) + 41.261639) + ((-22.321514) * X1)) + (10.418676 * X2)))),,records/one_step/sir/seed_7
one_step,sir,,8,63445,success,0.6885292710647397,pearson_abs_corr,1,,,0.5,,1,,,,2,,500,500,10000,15,,-2.800572088195304,-2.1639221385395553,0.9904794845878243,0.980429960849499,((-12.273264) + (1.741689 * (12.420342 * X2))) | ((-0.569417) + (1.000718 * (((((-0.815593) * X2) + (0.609797 * X3)) + (1.908045 * X1)) ^ 2.566303))) | (0.291160 + (1.003375 * (((-3.460088) * X2) + ((11.107183 * X1) + ((-4.389808) * X3))))),,records/one_step/sir/seed_8
one_step,sir,,9,71364,success,0.7825430333164595,pearson_abs_corr,1,,,0.5,,1,,,,2,,500,500,10000,10,,-2.2162531196217,-1.3635665329101418,0.9740646511978581,0.9742458992381957,((-2.442178) + (1.045570 * ((20.480238 * X2) + ((-7.938949) * X1)))) | (50.837929 + ((-2.116203) * (10.002396 * X1))),,records/one_step/sir/seed_9
three_step,gw_taylorf2,,0,0,success,0.972263742297696,pearson_abs_corr,1,,,0.75,,1,,,,,,500,500,2000,32,334344.625,,,,,0.005*m1 - 0.002*m2 + 0.057 | 0.010416*m1 + 0.010428*m2 + 1.821404,,records/three_step/gw_taylorf2/seed_0
three_step,gw_taylorf2,,1,1,success,0.9723628503085027,pearson_abs_corr,1,,,0.75,,1,,,,,,500,500,2000,26,1626684.28125,,,,,0.003*m1 - 0.044*(0.022*m2 + 0.889)**2 + 0.138 | 3.257 - 1.159*exp(0.011*m1 + 0.011*m2),,records/three_step/gw_taylorf2/seed_1
three_step,gw_taylorf2,,2,2,success,0.9657237306099437,pearson_abs_corr,1,,,0.75,,1,,,,,,500,500,2000,22,319654.734375,,,,,0.007*m1 + 0.011*m2 - 0.111 | 0.018*m1 + 0.015*m2 - 0.281,,records/three_step/gw_taylorf2/seed_2
three_step,gw_taylorf2,,3,3,success,0.9818506679520269,pearson_abs_corr,1,,,0.75,,1,,,,,,500,500,2000,25,492268.6171875,,,,,0.004*m2 - 0.047*(0.022*m1 + 0.888)**2 + 0.152 | -0.657*(0.022*m1 + 0.888)*(0.022*m2 + 0.888) + 2.585,,records/three_step/gw_taylorf2/seed_3
three_step,gw_taylorf2,,4,4,success,0.9326118950657688,pearson_abs_corr,1,,,0.75,,1,,,,,,500,500,2000,18,209376.234375,,,,,0.006*m1 + 0.011*m2 - 0.122 | 0.016*m1 + 0.086,,records/three_step/gw_taylorf2/seed_4
three_step,gw_taylorf2,,5,5,success,0.9712811824711388,pearson_abs_corr,1,,,0.75,,1,,,,,,500,500,2000,20,514504.3125,,,,,-0.016*m1 - 0.5*exp(0.016*(0.022*m1 + 0.889)*exp(0.02*m2)) + 0.378 | 17.0*exp(0.016*(0.022*m1 + 0.889)*exp(0.02*m2)) - 18.5,,records/three_step/gw_taylorf2/seed_5
three_step,gw_taylorf2,,6,6,success,0.9675093447721516,pearson_abs_corr,1,,,0.75,,1,,,,,,500,500,2000,23,244789.078125,,,,,-0.009*m1 - 0.014*m2 + 1.024 | -(0.012*m1 + 0.46)*exp(0.011*m2) + 1.954,,records/three_step/gw_taylorf2/seed_6
three_step,gw_taylorf2,,7,7,success,0.9812549389404275,pearson_abs_corr,1,,,0.75,,1,,,,,,500,500,2000,23,424397.71875,,,,,0.005*m1 - 0.002*m2 + 0.071 | -(0.013*m2 + 0.501)*exp(0.015*m1) + 2.376,,records/three_step/gw_taylorf2/seed_7
three_step,gw_taylorf2,,8,8,success,0.9821450071320419,pearson_abs_corr,1,,,0.75,,1,,,,,,500,500,2000,25,511224.0625,,,,,0.004*m1 - 0.058*exp(0.023*m2) + 0.145 | 0.692*(0.022*m1 + 0.885)*(0.022*m2 + 0.889) - 0.765,,records/three_step/gw_taylorf2/seed_8
three_step,gw_taylorf2,,9,9,success,0.9609699302651825,pearson_abs_corr,1,,,0.75,,1,,,,,,500,500,2000,39,295586.671875,,,,,-(0.001*m1 - 0.153*(0.001*m1 - 0.084)*(0.022*m2 + 0.878) + 0.052)*(0.052*m1 + 0.154*m2 + 8.107) + 2.3 | (-0.008*m2 + 0.3*exp(0.002*m1) - 0.323)*exp(-0.002*m1),,records/three_step/gw_taylorf2/seed_9
one_step,gw_taylorf2,,0,62,success,0.9774568551192009,pearson_abs_corr,1,,,0.75,,1,,,,1,,500,500,2000,5,,-0.7667429207885147,-0.30801342176053337,0.9229272935234973,0.943380543884687,((-5.899659) + (1.353381 * ((4.222781 * X1) * exp((0.576396 * X2))))),,records/one_step/gw_taylorf2/seed_0
one_step,gw_taylorf2,,1,7981,success,0.9833418025338406,pearson_abs_corr,1,,,0.75,,1,,,,1,,500,500,2000,10,,-0.8945159939355785,0.1679023239976367,0.9986394128347753,0.9979359276120388,((-5.709807) + ((-8.889626) * ((0.905008 * X2) * ((-1.088775) * X1)))) | (0.000507 + (0.999854 * (((0.721549 * X1) ^ (-1.255005)) + ((3.121572 * X2) + ((-1.821362) * X1))))),,records/one_step/gw_taylorf2/seed_1
one_step,gw_taylorf2,,2,15900,success,0.6898998691128952,pearson_abs_corr,1,,,0.75,,0,,,,1,,500,500,2000,12,,-0.7833276229057462,0.5760683605344454,0.9985006132485246,0.9990135057155821,(33.308571 + ((-44.765034) * exp(((-0.567180) * X1)))) | (19.583408 + ((-22.378633) * exp(((-0.207669) * X2)))),,records/one_step/gw_taylorf2/seed_2
one_step,gw_taylorf2,,3,23819,success,0.9823759135498559,pearson_abs_corr,1,,,0.75,,1,,,,1,,500,500,2000,7,,-0.6399166133917029,-0.3501989853708216,0.9086312626083559,0.9583997817212935,((-3.829953) + ((-7.825755) * ((0.905008 * X2) * ((-1.088775) * X1)))),,records/one_step/gw_taylorf2/seed_3
one_step,gw_taylorf2,,4,31738,success,0.9828228792726403,pearson_abs_corr,1,,,0.75,,1,,,,1,,500,500,2000,,,-1.966136578212764,-1.5436324294120918,0.960036909050508,0.9615472958775935,((-14.626049) + (1.696142 * (((4.223187 * X1) * (2.178211 * X2)) + ((-0.320663) * X2)))),,records/one_step/gw_taylorf2/seed_4
one_step,gw_taylorf2,,5,39657,success,0.9640738134909151,pearson_abs_corr,1,,,0.75,,1,,,,1,,500,500,2000,5,,-0.9315722691778844,-0.9623243229983279,0.9478220158076125,0.9491350255600595,((-0.000067) + (1.000003 * ((13.765082 + ((((8.032097 * X1) + ((exp((0.435640 * X1)) + ((-0.567999) * X2)) * (((-1.183342) * X1) + ((-4.418972) * X2)))) * (exp((0.612717 * X1)) + ((-1.564406) * X1))) * ((-48.412987) + ((15.398545 * X1) + (15.631074 * X2))))) ^ 1.308535))),,records/one_step/gw_taylorf2/seed_5
one_step,gw_taylorf2,,6,47576,success,0.9908642197885943,pearson_abs_corr,1,,,0.75,,1,,,,1,,500,500,2000,9,,-1.4642911738157662,-0.02149459869049755,0.9690564712945404,0.9647620653946435,((-4.426147) + (1.312868 * ((((-0.401863) * X1) * ((-7.071073) * X2)) ^ 1.485904))),,records/one_step/gw_taylorf2/seed_6
one_step,gw_taylorf2,,7,55495,success,0.6814059111148395,pearson_abs_corr,1,,,0.75,,0,,,,1,,500,500,2000,12,,-0.6421810436810271,2.2644907230166664,0.9986372747521581,0.9966443604869809,((-7.485597) + (6.664866 * exp((0.530407 * X1)))) | ((-15.504856) + (14.334742 * exp((0.163175 * X2)))),,records/one_step/gw_taylorf2/seed_7
one_step,gw_taylorf2,,8,63414,success,0.9908634255793098,pearson_abs_corr,1,,,0.75,,1,,,,1,,500,500,2000,5,,-1.854638912550142,-0.03615318288412086,0.973151326497602,0.9653249312571055,(80.644081 + ((-135.791168) * exp(((0.588350 * X2) * ((-0.867530) * X1))))),,records/one_step/gw_taylorf2/seed_8
one_step,gw_taylorf2,,9,71333,success,0.9829263309508153,pearson_abs_corr,1,,,0.75,,1,,,,1,,500,500,2000,7,,-1.4365470590345135,-1.6013186474523498,0.9513145835445657,0.9636049332577225,((-15.403363) + ((-13.816982) * ((0.905008 * X2) * ((-1.088775) * X1)))),,records/one_step/gw_taylorf2/seed_9
three_step,gw_imrphenomd,,0,0,success,0.9997689426238314,pearson_abs_corr,1,complementary_mass_diff_alignment,0.4426600379425531,0.75,0.5,0,,,,,,500,500,2000,29,617885.8125,,,,,0.004*m1 + 0.013*m2 + 0.236*exp(0.002*m1 + 0.002*m2) - 0.99 | 6.371*exp(0.002*m1 + 0.002*m2) - 7.7,,records/three_step/gw_imrphenomd/seed_0
three_step,gw_imrphenomd,,1,1,success,0.9937752438285835,pearson_abs_corr,1,complementary_mass_diff_alignment,0.23841156532229588,0.75,0.5,0,,,,,,500,500,2000,26,355166.1875,,,,,-0.03*(0.022*m1 + 0.886)*(0.049*m1 + 0.153*m2 + 8.065) + 1.077 | 0.012*m1 + 0.015*m2 - 0.192,,records/three_step/gw_imrphenomd/seed_1
three_step,gw_imrphenomd,,2,2,success,0.9974205710419966,pearson_abs_corr,1,complementary_mass_diff_alignment,0.6976608870671175,0.75,0.5,1,,,,,,500,500,2000,20,586154.6875,,,,,0.005*m2 - 0.025 | 1.605*(0.006*m1 + 0.006*m2 + 0.491)**1.896 - 0.541,,records/three_step/gw_imrphenomd/seed_2
three_step,gw_imrphenomd,,3,3,success,0.9958859319280022,pearson_abs_corr,1,complementary_mass_diff_alignment,0.6846158866980158,0.75,0.5,1,,,,,,500,500,2000,34,272323.78125,,,,,0.008*m1 - (0.003*m2 + 0.109)*exp(0.022*m1) + 0.335 | 6.977 + 4.559/(0.002*m2 + 0.074 - 0.915*exp(-0.002*m1)),,records/three_step/gw_imrphenomd/seed_3
three_step,gw_imrphenomd,,4,4,success,1,pearson_abs_corr,1,complementary_mass_diff_alignment,0.9049474903794378,0.75,0.5,1,,,,,,500,500,2000,26,665230.3125,,,,,0.005*m2 - 0.137*exp(0.01*m1) + 0.191 | 0.016*m1 + 0.016*m2 - 0.22,,records/three_step/gw_imrphenomd/seed_4
three_step,gw_imrphenomd,,5,5,success,0.9983019091758236,pearson_abs_corr,1,complementary_mass_diff_alignment,0.7042042630747234,0.75,0.5,1,,,,,,500,500,2000,19,908866.5,,,,,2.129*exp(0.003*m1) - 2.5 | -0.016*m1 - 0.018*m2 + 0.371,,records/three_step/gw_imrphenomd/seed_5
three_step,gw_imrphenomd,,6,6,success,0.9855660734338533,pearson_abs_corr,1,complementary_mass_diff_alignment,0.704305194027233,0.75,0.5,1,,,,,,500,500,2000,25,560482.484375,,,,,0.011*m1 - 0.048 | 0.012*m1 + 0.017*m2 - 0.174,,records/three_step/gw_imrphenomd/seed_6
three_step,gw_imrphenomd,,7,7,success,0.7126343789051104,pearson_abs_corr,1,complementary_mass_diff_alignment,0.7056969510949523,0.75,0.5,0,,,,,,500,500,2000,15,207064.41796875,,,,,0.01*m1 - 0.042 | 4.988 - 3.904*exp(0.004*m2),,records/three_step/gw_imrphenomd/seed_7
three_step,gw_imrphenomd,,8,8,success,0.8941331822860678,pearson_abs_corr,1,complementary_mass_diff_alignment,0.9212312371012054,0.75,0.5,1,,,,,,500,500,2000,15,386468.640625,,,,,-0.011*m1 + 0.988*exp(0.004*m2) - 0.442 | 0.013*m1 + 0.988*exp(0.004*m2) - 1.969,,records/three_step/gw_imrphenomd/seed_8
three_step,gw_imrphenomd,,9,9,success,0.9994283089647795,pearson_abs_corr,1,complementary_mass_diff_alignment,0.6678177890175414,0.75,0.5,1,,,,,,500,500,2000,24,564361.90625,,,,,6.763*exp(0.001*m1) + 0.131*exp(0.003*m1 + 0.003*m2) - 7.4 | -0.208*exp(0.001*m1) + 3.681*exp(0.003*m1 + 0.003*m2) - 4.8,,records/three_step/gw_imrphenomd/seed_9
one_step,gw_imrphenomd,,0,62,success,0.9957850372531419,pearson_abs_corr,1,complementary_mass_diff_alignment,0.08366921035736241,0.75,0.5,0,,,,1,,500,500,2000,11,,-0.05755479020056995,-0.11954509294619717,0.9180988151812228,0.9226554771381099,((-0.000001) + (1.000000 * ((((3.846194 * X1) ^ 1.296246) + (6.860735 * X2)) + (-11.803143)))),,records/one_step/gw_imrphenomd/seed_0
one_step,gw_imrphenomd,,1,7981,success,0.9909598486877645,pearson_abs_corr,1,complementary_mass_diff_alignment,0.016205355201855474,0.75,0.5,0,,,,1,,500,500,2000,7,,-1.11631298057921,0.1567981703599132,0.9501877108760146,0.9615931682539681,((-13.596013) + ((-11.792367) * ((0.905008 * X2) * ((-1.088775) * X1)))),,records/one_step/gw_imrphenomd/seed_1
one_step,gw_imrphenomd,,2,15900,success,0.7007234524958328,pearson_abs_corr,1,complementary_mass_diff_alignment,0.9582776553296217,0.75,0.5,0,,,,1,,500,500,2000,13,,-0.5129842571873987,1.9648693463066411,0.9985325998029756,0.9984281465051721,(61.466316 + ((-67.790535) * exp(((-0.185692) * X1)))) | (0.311324 + (0.901708 * ((3.854294 * X2) + ((-2.035846) * X1)))),,records/one_step/gw_imrphenomd/seed_2
one_step,gw_imrphenomd,,3,23819,success,0.9910130424875531,pearson_abs_corr,1,complementary_mass_diff_alignment,0.9952446111466207,0.75,0.5,1,,,,1,,500,500,2000,17,,-0.831564025418032,-0.717440097886697,0.9988258610216825,0.9970192035451733,((-17.382160) + ((-14.890256) * ((0.905008 * X2) * ((-1.088775) * X1)))) | ((-0.136877) + (1.000236 * (exp((0.748768 * X2)) + (((-2.767467) * X1) + 3.755690)))),,records/one_step/gw_imrphenomd/seed_3
one_step,gw_imrphenomd,,4,31738,success,0.9899973547876836,pearson_abs_corr,1,complementary_mass_diff_alignment,0.7132866494377271,0.75,0.5,1,,,,1,,500,500,2000,10,,-0.4099428742863884,-0.48851235035686774,0.9985468027906329,0.993866503556706,((-2.356626) + (1.158718 * (((0.850022 * X1) + (0.858230 * X2)) ^ 2.764482))) | ((-5.761007) + (4.785591 * exp((0.356575 * X2)))),,records/one_step/gw_imrphenomd/seed_4
one_step,gw_imrphenomd,,5,39657,success,0.9997650519916691,pearson_abs_corr,1,complementary_mass_diff_alignment,0.02452771139154265,0.75,0.5,0,,,,1,,500,500,2000,7,,-1.5465010218041406,-0.8481627335107261,0.9253174568554121,0.9257198281318924,((-42.785824) + (3.101331 * ((6.523004 * X2) + (6.785406 * X1)))),,records/one_step/gw_imrphenomd/seed_5
one_step,gw_imrphenomd,,6,47576,success,0.9906975001865548,pearson_abs_corr,1,complementary_mass_diff_alignment,0.9733829185257369,0.75,0.5,1,,,,1,,500,500,2000,17,,-1.5160641527956875,-0.7962518597059551,0.996862740645953,0.9968264774972254,((-13.231994) + ((-11.879897) * ((0.905008 * X2) * ((-1.088775) * X1)))) | (0.000055 + (0.999983 * ((5.223129 * exp((0.265917 * X2))) + ((-3.392838) * X1)))),,records/one_step/gw_imrphenomd/seed_6
one_step,gw_imrphenomd,,7,55495,success,0.9976247034056125,pearson_abs_corr,1,complementary_mass_diff_alignment,0.9788330389123104,0.75,0.5,1,,,,1,,500,500,2000,18,,-0.7955216744848194,-0.44546883520898756,0.9988002944275937,0.9971248115948823,((-14.858675) + (3.467557 * (exp((0.732280 * X1)) + (2.249104 * X2)))) | (0.010306 + (0.998983 * (exp(((1.899390 * X2) ^ 0.501586)) + ((-1.970074) * X1)))),,records/one_step/gw_imrphenomd/seed_7
one_step,gw_imrphenomd,,8,63414,success,0.980808429901038,pearson_abs_corr,1,complementary_mass_diff_alignment,0.013947929266352865,0.75,0.5,0,,,,1,,500,500,2000,5,,-1.6006266999911543,-0.04149596970068399,0.9391331414490915,0.9505096569917173,(71.202072 + ((-59.867958) * (exp(((-0.691329) * X2)) / (0.392604 * X1)))),,records/one_step/gw_imrphenomd/seed_8
one_step,gw_imrphenomd,,9,71333,success,0.9823648003098774,pearson_abs_corr,1,complementary_mass_diff_alignment,0.948399221554834,0.75,0.5,1,,,,1,,500,500,2000,15,,-0.28574505961074687,-0.3035952993800374,0.9983472941677028,0.9930355142247306,((-6.306608) + (1.448570 * exp(((0.803855 * X1) + (0.750124 * X2))))) | (0.004224 + (1.000000 * ((3.733075 * X2) + ((-1.894906) * X1)))),,records/one_step/gw_imrphenomd/seed_9
one_step,sir,sir_info_floor_0p5,0,93,success,0.7533920796810196,pearson_abs_corr,1,,,0.5,,1,0.7533920796810196,,1,2,2,500,500,10000,10,,-2.655348585415104,-1.4509732957943338,0.9865062176787548,0.9745870091169235,((-4.887392) + (1.289288 * (((-4.117026) * X1) + (13.928461 * X2)))) | (46.644810 + ((-1.833652) * ((((-0.731736) * X1) * (4.887491 * X2)) + (16.260155 * X1)))),((-4.887392) + (1.289288 * (((-4.117026) * X1) + (13.928461 * X2)))) | (46.644810 + ((-1.833652) * ((((-0.731736) * X1) * (4.887491 * X2)) + (16.260155 * X1)))),records/one_step_variants/sir_info_floor_0p5/seed_0
one_step,sir,sir_info_floor_0p5,1,8012,success,0.6045334779678454,pearson_abs_corr,1,,,0.5,,1,0.6045334779678454,,1,2,2,500,500,10000,10,,-2.7899886808576726,-1.7075861565505215,0.9825224613186718,0.9691115056378948,((-12.576772) + (1.741484 * (11.371287 * X2))) | ((-0.000005) + (((((-4.702725) * X3) + ((-20.181202) * X1)) + 40.265572) + (7.191752 * X2))),((-12.576772) + (1.741484 * (11.371287 * X2))) | ((-0.000005) + (((((-4.702725) * X3) + ((-20.181202) * X1)) + 40.265572) + (7.191752 * X2))),records/one_step_variants/sir_info_floor_0p5/seed_1
one_step,sir,sir_info_floor_0p5,2,15931,success,0.6284152951562825,pearson_abs_corr,1,,,0.5,,1,0.6284152951562825,,1,2,3,500,500,10000,15,,-2.2239082783073654,-1.5925155270776044,0.9905991439212943,0.9824901018176837,((-10.191835) + (1.609324 * (11.215442 * X2))) | ((-0.000000) + (1.000000 * ((((-20.595026) + (20.791389 * X1)) + ((-5.635609) * X2)) + (4.845901 * X3)))) | (0.000001 + (1.000000 * (12.050940 + ((((-5.982662) * X3) + (1.819989 * X1)) + ((-0.803283) * X2))))),((-10.191835) + (1.609324 * (11.215442 * X2))) | ((-0.000000) + (1.000000 * ((((-20.595026) + (20.791389 * X1)) + ((-5.635609) * X2)) + (4.845901 * X3)))) | (0.000001 + (1.000000 * (12.050940 + ((((-5.982662) * X3) + (1.819989 * X1)) + ((-0.803283) * X2))))),records/one_step_variants/sir_info_floor_0p5/seed_2
one_step,sir,sir_info_floor_0p5,3,23850,success,0.8254735761434451,pearson_abs_corr,1,,,0.5,,1,0.8254735761434451,,1,2,3,500,500,10000,15,,-3.114839578927254,-2.6118892727170024,0.9884583429341596,0.9810107493711208,(1.834389 + (0.966322 * (((-11.876133) * X1) + (21.967321 * X2)))) | ((-0.000002) + (((-15.759417) + (6.783425 * X3)) + ((16.477551 * X1) + ((-7.329888) * X2)))) | (0.461665 + (0.981488 * (((-3.471796) * X3) + ((9.926414 * X1) + ((-2.494827) * X2))))),(1.834389 + (0.966322 * (((-11.876133) * X1) + (21.967321 * X2)))) | ((-0.000002) + (((-15.759417) + (6.783425 * X3)) + ((16.477551 * X1) + ((-7.329888) * X2)))) | (0.461665 + (0.981488 * (((-3.471796) * X3) + ((9.926414 * X1) + ((-2.494827) * X2))))),records/one_step_variants/sir_info_floor_0p5/seed_3
one_step,sir,sir_info_floor_0p5,4,31769,success,0.6461481976312424,pearson_abs_corr,1,,,0.5,,1,0.6461481976312424,,1,2,3,500,500,10000,15,,-3.2126551056182127,-1.0362192611704648,0.9905651938997184,0.9799986256679584,((-10.117905) + (1.637820 * (10.573549 * X2))) | ((-16.366453) + (2.694096 * (5.860857 * X1))) | ((-1.006005) + (1.093611 * ((((-3.161748) * X3) + (10.090151 * X1)) + ((-2.893161) * X2)))),((-10.117905) + (1.637820 * (10.573549 * X2))) | ((-16.366453) + (2.694096 * (5.860857 * X1))) | ((-1.006005) + (1.093611 * ((((-3.161748) * X3) + (10.090151 * X1)) + ((-2.893161) * X2)))),records/one_step_variants/sir_info_floor_0p5/seed_4
one_step,sir,sir_info_floor_0p5,5,39688,success,0.6164837998617921,pearson_abs_corr,1,,,0.5,,1,0.6164837998617921,,1,2,3,500,500,10000,15,,-3.0647024001879366,10.630616822394858,0.9891247294228849,0.9740174209472897,((-9.733940) + (1.519389 * (12.530111 * X2))) | ((-7.128279) + (2.084865 * (3.958492 * X1))) | ((-14.816224) + (2.314180 * (6.872929 * X1))),((-9.733940) + (1.519389 * (12.530111 * X2))) | ((-7.128279) + (2.084865 * (3.958492 * X1))) | ((-14.816224) + (2.314180 * (6.872929 * X1))),records/one_step_variants/sir_info_floor_0p5/seed_5
one_step,sir,sir_info_floor_0p5,6,47607,success,0.8999226835498618,pearson_abs_corr,1,,,0.5,,1,0.8999226835498618,,1,2,3,500,500,10000,15,,-2.664956558701678,-2.591000274217899,0.9886994060630515,0.9976899698433666,(46.988678 + (26.618984 * (((2.350277 * X1) / ((-0.806620) * X2)) / (1.414214 + (0.847113 * X1))))) | ((-0.497353) + (1.000117 * (((20.285030 * X1) + ((-7.783024) * X2)) + (36.977261 / ((-3.303845) * X3))))) | ((-0.192201) + (1.013884 * ((8.002706 * X1) + (((-17.609169) * X3) / (6.296058 + ((-1.820854) * X2)))))),(46.988678 + (26.618984 * (((2.350277 * X1) / ((-0.806620) * X2)) / (1.414214 + (0.847113 * X1))))) | ((-0.497353) + (1.000117 * (((20.285030 * X1) + ((-7.783024) * X2)) + (36.977261 / ((-3.303845) * X3))))) | ((-0.192201) + (1.013884 * ((8.002706 * X1) + (((-17.609169) * X3) / (6.296058 + ((-1.820854) * X2)))))),records/one_step_variants/sir_info_floor_0p5/seed_6
one_step,sir,sir_info_floor_0p5,7,55526,success,0.7868182293744729,pearson_abs_corr,1,,,0.5,,1,0.7868182293744729,,1,2,3,500,500,10000,15,,-3.4232235725971054,-2.621356627682067,0.9877614974301109,0.9791248498970689,((-2.229586) + (1.137740 * (((-5.891717) * X1) + (15.088704 * X2)))) | ((-0.000013) + (1.000000 * ((((-8.312053) * X2) + (14.437455 * X1)) + ((-15.145932) + (8.276895 * X3))))) | (0.276958 + (0.992994 * ((((-7.629046) * X3) / (2.085624 * X2)) + (((-5.850828) * X2) + (12.291900 * X1))))),((-2.229586) + (1.137740 * (((-5.891717) * X1) + (15.088704 * X2)))) | ((-0.000013) + (1.000000 * ((((-8.312053) * X2) + (14.437455 * X1)) + ((-15.145932) + (8.276895 * X3))))) | (0.276958 + (0.992994 * ((((-7.629046) * X3) / (2.085624 * X2)) + (((-5.850828) * X2) + (12.291900 * X1))))),records/one_step_variants/sir_info_floor_0p5/seed_7
one_step,sir,sir_info_floor_0p5,8,63445,success,0.8932503160386022,pearson_abs_corr,1,,,0.5,,1,0.8932503160386022,,1,2,3,500,500,10000,29,,-3.0369183692684167,-2.688627366822448,0.9905363350329588,0.9975694870856059,(47.033417 + ((-30.937746) * (((1.497481 * X1) / (0.554161 * X2)) / (1.576906 + (0.895869 * X1))))) | (0.126261 + (0.990786 * ((((-131.905426) / (10.134003 * X3)) + ((-7.446254) * X2)) + (20.068380 * X1)))) | ((-4.607979) + (1.746219 * (((-1.878997) * X2) + (5.692805 * X1)))),(47.033417 + ((-30.937746) * (((1.497481 * X1) / (0.554161 * X2)) / (1.576906 + (0.895869 * X1))))) | (0.126261 + (0.990786 * ((((-131.905426) / (10.134003 * X3)) + ((-7.446254) * X2)) + (20.068380 * X1)))) | (0.305727 + (0.987727 * (((10.145507 * X1) + ((-3.830435) * X3)) + ((-3.221506) * X2)))),records/one_step_variants/sir_info_floor_0p5/seed_8
one_step,sir,sir_info_floor_0p5,9,71364,success,0.8741723431583138,pearson_abs_corr,1,,,0.5,,1,0.8741723431583138,,1,2,3,500,500,10000,15,,-2.752984762421357,-2.68518442405373,0.9860040742553421,0.9934779425661244,((-0.000242) + (1.000001 * (((((3.489628 * X3) + (3.024128 * X1)) ^ 1.757908) + (((((111.809608 * X3) + ((-1007.331726) * X1)) / ((6.478260 * X2) + (4.531864 * X1))) + 123.570435) + ((-14.839072) * X2))) + ((-40.146919) * X3)))) | ((-0.002159) + (1.000147 * (((((-13.599130) * X2) * (0.550510 * X1)) + (((-40.707150) / (1.966159 * X3)) + ((-5.067034) * X3))) + (32.183727 * X1)))) | ((-0.092944) + (1.000639 * (((((-134.980164) * X2) + (311.470215 * X1)) ^ 0.457312) + ((-5.515813) * X3)))),((-0.000242) + (1.000001 * (((((3.489628 * X3) + (3.024128 * X1)) ^ 1.757908) + (((((111.809608 * X3) + ((-1007.331726) * X1)) / ((6.478260 * X2) + (4.531864 * X1))) + 123.570435) + ((-14.839072) * X2))) + ((-40.146919) * X3)))) | ((-0.002159) + (1.000147 * (((((-13.599130) * X2) * (0.550510 * X1)) + (((-40.707150) / (1.966159 * X3)) + ((-5.067034) * X3))) + (32.183727 * X1)))) | ((-0.092944) + (1.000639 * (((((-134.980164) * X2) + (311.470215 * X1)) ^ 0.457312) + ((-5.515813) * X3)))),records/one_step_variants/sir_info_floor_0p5/seed_9
one_step,gw_imrphenomd,gw_imrphenomd_forced_m2,0,62,success,0.9835084193071142,pearson_abs_corr,1,complementary_mass_diff_alignment,0.9315011321215745,0.75,0.5,1,0.988494383779093,0.9315011321215745,1,1,2,500,500,2000,18,,-0.060140158260742,0.5445245032950833,0.9988186920393757,0.9941642256160602,((-3.710281) + (1.594221 * exp(((0.744106 * X2) + (0.708317 * X1))))) | (0.000197 + (0.999926 * ((exp((0.606443 * X2)) + ((-3.571500) * X1)) + 5.551410))),((-4.610684) + (1.362280 * (((0.173029 * X2) + exp((0.135643 * X1))) ^ 6.073452))) | (0.000197 + (0.999926 * ((exp((0.606443 * X2)) + ((-3.571500) * X1)) + 5.551410))),records/one_step_variants/gw_imrphenomd_forced_m2/seed_0
one_step,gw_imrphenomd,gw_imrphenomd_forced_m2,1,7981,success,0.9708840566303838,pearson_abs_corr,1,complementary_mass_diff_alignment,0.7023224213662951,0.75,0.5,1,0.9708840566303838,0.7023026028715335,1,1,2,500,500,2000,,,-0.8881784034508937,1.4825771424197927,0.9967742527978548,0.9923724636462127,((-0.030162) + (0.997724 * ((((143.715500 * X2) + (285.200592 * X1)) + (-420.027557)) * (((0.016348 * X1) + (0.047591 * X2)) + (-0.042118))))) | ((-2.209439) + (2.311719 * (1.349547 * X2))),((-0.030162) + (0.997724 * ((((143.715500 * X2) + (285.200592 * X1)) + (-420.027557)) * (((0.016348 * X1) + (0.047591 * X2)) + (-0.042118))))) | (17.526281 + ((-20.521296) * exp(((-0.207669) * X2)))),records/one_step_variants/gw_imrphenomd_forced_m2/seed_1
one_step,gw_imrphenomd,gw_imrphenomd_forced_m2,2,15900,success,0.700723452495833,pearson_abs_corr,1,complementary_mass_diff_alignment,0.9538281856677412,0.75,0.5,0,0.9879808531305637,0.9556722972151221,1,1,2,500,500,2000,13,,-0.513805065972708,1.9572955385588227,0.9985323500514782,0.9984293354305195,(61.528988 + ((-67.842857) * exp(((-0.185692) * X1)))) | (0.221699 + (0.955816 * ((3.656481 * X2) + ((-1.878400) * X1)))),((-4.402737) + (1.407687 * ((2.790862 * X1) / exp(((-0.590570) * X2))))) | ((-2.415783) + (1.786524 * (exp(((-0.355840) * X1)) * (3.282239 * X2)))),records/one_step_variants/gw_imrphenomd_forced_m2/seed_2
one_step,gw_imrphenomd,gw_imrphenomd_forced_m2,3,23819,success,0.9977850541850989,pearson_abs_corr,1,complementary_mass_diff_alignment,0.9994178757737755,0.75,0.5,1,0.9977850541850989,0.9984797833292389,1,1,2,500,500,2000,,,-0.8067776460039953,-0.9664593912125423,0.9989556845582688,0.9980147637328358,(0.000952 + (0.999879 * ((((13.221693 * X1) + exp((1.189680 * X2))) + ((exp((5.007236 * X1)) + ((-145401.109375) * X2)) / (((-2739.871338) * X1) + (11659.197266 * X2)))) ^ 0.942755))) | ((-0.000001) + (1.000000 * ((((-2.727636) * X1) + 3.188024) + (2.548255 * X2)))),(0.000952 + (0.999879 * ((((13.221693 * X1) + exp((1.189680 * X2))) + ((exp((5.007236 * X1)) + ((-145401.109375) * X2)) / (((-2739.871338) * X1) + (11659.197266 * X2)))) ^ 0.942755))) | ((-0.000073) + (1.000022 * ((exp((0.364124 * X2)) + ((-0.674760) * X1)) / 0.247971))),records/one_step_variants/gw_imrphenomd_forced_m2/seed_3
one_step,gw_imrphenomd,gw_imrphenomd_forced_m2,4,31738,success,0.9899199216276882,pearson_abs_corr,1,complementary_mass_diff_alignment,0.7132866494377268,0.75,0.5,1,0.9899199216276882,0.7132866494377268,1,1,2,500,500,2000,10,,-0.40562602270797365,-0.48867384831204524,0.9985450007305016,0.9938480044617449,((-2.332619) + (1.159375 * (((0.848342 * X1) + (0.856022 * X2)) ^ 2.768930))) | ((-5.770349) + (4.790880 * exp((0.356575 * X2)))),((-2.332619) + (1.159375 * (((0.848342 * X1) + (0.856022 * X2)) ^ 2.768930))) | ((-5.770349) + (4.790880 * exp((0.356575 * X2)))),records/one_step_variants/gw_imrphenomd_forced_m2/seed_4
one_step,gw_imrphenomd,gw_imrphenomd_forced_m2,5,39657,success,0.999999576656349,pearson_abs_corr,1,complementary_mass_diff_alignment,0.9692832812360562,0.75,0.5,1,0.9993748664783136,0.9692832812360562,1,1,2,500,500,2000,14,,-1.557472383615878,-0.3188833441144769,0.9926367074094308,0.9982369514633864,((-45.476978) + (2.671107 * ((9.145636 * X2) + (9.082175 * X1)))) | (0.612492 + (0.777787 * ((3.937609 * X2) + ((-2.362788) * X1)))),(0.297111 + (0.997617 * ((((42.886280 * X1) + (-85.731010)) + (43.150352 * X2)) ^ 0.880332))) | (0.612492 + (0.777787 * ((3.937609 * X2) + ((-2.362788) * X1)))),records/one_step_variants/gw_imrphenomd_forced_m2/seed_5
one_step,gw_imrphenomd,gw_imrphenomd_forced_m2,6,47576,success,0.9906975001865548,pearson_abs_corr,1,complementary_mass_diff_alignment,0.9739588545108662,0.75,0.5,1,0.9777333790596299,0.9726605813482283,1,1,2,500,500,2000,16,,-1.5302528961037616,-1.0677033029740663,0.9968226871438075,0.9969512624273156,((-13.278596) + ((-11.899632) * ((0.905008 * X2) * ((-1.088775) * X1)))) | ((-0.000000) + (1.000000 * (((2.090078 * X2) + 4.637052) + ((-3.372181) * X1)))),((-6.990804) + (1.347407 * exp(((0.886033 * X2) + (0.869745 * X1))))) | (0.000047 + (0.999985 * ((exp((0.269423 * X2)) / 0.193414) + ((-3.370922) * X1)))),records/one_step_variants/gw_imrphenomd_forced_m2/seed_6
one_step,gw_imrphenomd,gw_imrphenomd_forced_m2,7,55495,success,0.9973821841011146,pearson_abs_corr,1,complementary_mass_diff_alignment,0.9788362453216494,0.75,0.5,1,0.9987015806937473,0.9788362453216494,1,1,2,500,500,2000,18,,-0.7960476690590924,-0.4453888667380774,0.9988005040222236,0.9970858323035872,((-14.794111) + (3.402631 * (exp((0.737172 * X1)) + (2.302585 * X2)))) | (0.033998 + (1.043461 * (exp(((1.718494 * X2) ^ 0.522204)) + ((-1.876748) * X1)))),(0.000309 + (0.999959 * ((((7.789526 * X2) + (-13.933814)) + exp((0.967865 * X1))) + (3.523711 * X1)))) | (0.033998 + (1.043461 * (exp(((1.718494 * X2) ^ 0.522204)) + ((-1.876748) * X1)))),records/one_step_variants/gw_imrphenomd_forced_m2/seed_7
one_step,gw_imrphenomd,gw_imrphenomd_forced_m2,8,63414,success,0.980808429901038,pearson_abs_corr,1,complementary_mass_diff_alignment,0.9290002077916055,0.75,0.5,1,0.980808429901038,0.9290002077916055,1,1,2,500,500,2000,10,,-1.4419580285204068,0.2304961441369887,0.9956487279808302,0.9989567011721625,(75.967857 + ((-65.449043) * (exp(((-0.691329) * X2)) / (0.392604 * X1)))) | ((-0.681236) + (1.200418 * (((-1.376925) * X1) + (3.195836 * X2)))),(75.967857 + ((-65.449043) * (exp(((-0.691329) * X2)) / (0.392604 * X1)))) | ((-0.681236) + (1.200418 * (((-1.376925) * X1) + (3.195836 * X2)))),records/one_step_variants/gw_imrphenomd_forced_m2/seed_8
one_step,gw_imrphenomd,gw_imrphenomd_forced_m2,9,71333,success,0.9837167574065872,pearson_abs_corr,1,complementary_mass_diff_alignment,0.9615911724488929,0.75,0.5,1,0.974414458890298,0.9615911724488929,1,1,2,500,500,2000,15,,-0.2857557834146084,-0.2904344236726535,0.9983470082913505,0.9932541445395389,((-6.600048) + (1.541445 * exp(((0.783078 * X1) + (0.743535 * X2))))) | (0.335041 + (0.900544 * ((3.983530 * X2) + ((-2.229092) * X1)))),((-0.335127) + (1.074784 * (((0.584486 * X1) + (0.552212 * X2)) ^ 3.933413))) | (0.335041 + (0.900544 * ((3.983530 * X2) + ((-2.229092) * X1)))),records/one_step_variants/gw_imrphenomd_forced_m2/seed_9
